pitch_type,game_date,release_speed,release_pos_x,release_pos_z,player_name,batter,pitcher,events,description,spin_dir,spin_rate_deprecated,break_angle_deprecated,break_length_deprecated,zone,des,game_type,stand,p_throws,home_team,away_team,type,hit_location,bb_type,balls,strikes,game_year,pfx_x,pfx_z,plate_x,plate_z,on_3b,on_2b,on_1b,outs_when_up,inning,inning_topbot,hc_x,hc_y,tfs_deprecated,tfs_zulu_deprecated,umpire,sv_id,vx0,vy0,vz0,ax,ay,az,sz_top,sz_bot,hit_distance_sc,launch_speed,launch_angle,effective_speed,release_spin_rate,release_extension,game_pk,fielder_2,fielder_3,fielder_4,fielder_5,fielder_6,fielder_7,fielder_8,fielder_9,release_pos_y,estimated_ba_using_speedangle,estimated_woba_using_speedangle,woba_value,woba_denom,babip_value,iso_value,launch_speed_angle,at_bat_number,pitch_number,pitch_name,home_score,away_score,bat_score,fld_score,post_away_score,post_home_score,post_bat_score,post_fld_score,if_fielding_alignment,of_fielding_alignment,spin_axis,delta_home_win_exp,delta_run_exp,bat_speed,swing_length,estimated_slg_using_speedangle,delta_pitcher_run_exp,hyper_speed,home_score_diff,bat_score_diff,home_win_exp,bat_win_exp,age_pit_legacy,age_bat_legacy,age_pit,age_bat,n_thruorder_pitcher,n_priorpa_thisgame_player_at_bat,pitcher_days_since_prev_game,batter_days_since_prev_game,pitcher_days_until_next_game,batter_days_until_next_game,api_break_z_with_gravity,api_break_x_arm,api_break_x_batter_in,arm_angle,attack_angle,attack_direction,swing_path_tilt,intercept_ball_minus_batter_pos_x_inches,intercept_ball_minus_batter_pos_y_inches
FF,2024-05-02,92.1,1.98,5.42,"Allen, Logan",572138,671106,home_run,hit_into_play,,,,,6,Jon Singleton homers (2) on a fly ball to right field. Jeremy Peña scores.,R,L,L,HOU,CLE,X,,fly_ball,2,1,2024,0.67,1.42,0.55,2.4,665161,,,2,6,Bot,212.75,89.53,,,,,-5.09053268418167,-134.0045456507095,-4.874827617466617,9.189309353642628,30.06407076349113,-14.27188332743091,3.18,1.47,345,100.1,43,91.9,2237,6.2,746403,666310,647304,665926,608070,677587,680757,672356,686823,54.27,0.057,0.093,2.0,1,0,3,3,49,4,4-Seam Fastball,1,2,1,2,2,3,3,2,Infield shade,Standard,153,0.333,1.41,75.2,7.3,0.189,-1.41,100.1,-1,-1,0.376790501061256,0.376790501061256,25,32,26,33,3,2,6,1,5,1,1.28,0.67,0.67,43.8,13.551743836115977,-22.680189560987447,30.85859959959774,32.29363525549958,36.56847828959224
ST,2024-05-02,79.7,1.96,5.44,"Allen, Logan",572138,671106,,ball,,,,,13,Ball,R,L,L,HOU,CLE,B,,,1,1,2024,-1.17,-0.23,-1.1,1.88,665161,,,2,6,Bot,,,,,,,-4.510823996160603,-115.91888985660422,-0.5670752801340966,-9.543526294858315,24.018614608802647,-34.38019428761587,3.38,1.53,,,,79.3,2265,6.3,746403,666310,647304,665926,608070,677587,680757,672356,686823,54.22,,,,,,,,49,3,Sweeper,1,2,1,2,2,1,1,2,Infield shade,Standard,293,-0.009,0.047,,,,-0.047,,-1,-1,0.376790501061256,0.376790501061256,25,32,26,33,3,2,6,1,5,1,3.86,-1.17,-1.17,43.9,,,,,
FC,2024-05-02,86.2,2.04,5.44,"Allen, Logan",572138,671106,,ball,,,,,13,Ball,R,L,L,HOU,CLE,B,,,0,1,2024,-0.45,0.39,-1.77,1.82,665161,,,2,6,Bot,,,,,,,-8.132744301337754,-125.27593191733575,-3.1459169858152984,-3.0633784952887084,25.80082896716504,-27.620174822013237,3.32,1.51,,,,86.1,2268,6.3,746403,666310,647304,665926,608070,677587,680757,672356,686823,54.18,,,,,,,,49,2,Cutter,1,2,1,2,2,1,1,2,Strategic,Standard,196,-0.009,0.032,,,,-0.032,,-1,-1,0.376790501061256,0.376790501061256,25,32,26,33,3,2,6,1,5,1,2.69,-0.45,-0.45,50.5,,,,,
FF,2024-05-02,91.7,1.99,5.54,"Allen, Logan",572138,671106,,swinging_strike,,,,,2,Swinging Strike,R,L,L,HOU,CLE,S,,,0,0,2024,0.39,1.66,0.02,3.14,665161,,,2,6,Bot,,,,,,,-5.810716306298197,-133.38867497896553,-3.751616988567765,5.963200000206514,31.518947760645755,-11.83021409584283,3.18,1.47,,,,91.3,2205,6.3,746403,666310,647304,665926,608070,677587,680757,672356,686823,54.2,,,,,,,,49,1,4-Seam Fastball,1,2,1,2,2,1,1,2,Standard,Standard,150,-0.009,-0.039,74.1,7.3,,0.039,,-1,-1,0.376790501061256,0.376790501061256,25,32,26,33,3,2,6,1,5,1,1.07,0.39,0.39,45.3,14.27696757981159,-21.069730611611792,21.182180990370945,38.33869390570123,35.33173650712876
CH,2024-05-02,81.2,2.06,5.37,"Allen, Logan",673237,671106,strikeout,swinging_strike,,,,,14,Yainer Diaz strikes out swinging.,R,R,L,HOU,CLE,S,2,,0,2,2024,-0.2,-0.18,1.22,1.28,665161,,,1,6,Bot,,,,,,,-1.4935389138360164,-118.17115455651484,-2.092382192358777,-1.4990629441255738,25.965708709755024,-33.66061747488425,3.22,1.52,,,,80.6,684,6.2,746403,666310,647304,665926,608070,677587,680757,672356,686823,54.27,,0.0,0.0,1,0,0,,48,6,Changeup,1,2,1,2,2,1,1,2,Strategic,Standard,145,-0.116,-0.308,70.0,8.6,,0.308,,-1,-1,0.4836974947020505,0.4836974947020505,25,25,26,26,3,2,6,1,5,1,3.68,-0.2,0.2,41.9,15.62041227968132,-11.277288584660813,28.071038399119782,50.37574302266404,42.48058919983944
CH,2024-05-02,82.9,1.99,5.43,"Allen, Logan",673237,671106,,foul,,,,,14,Foul,R,R,L,HOU,CLE,S,,,0,2,2024,0.18,0.37,0.31,0.53,665161,,,1,6,Bot,,,,,,,-4.186712019411634,-120.52907866888752,-5.374594281052265,2.621903016945001,25.08492846304836,-27.715155413180916,3.22,1.52,,,,82.6,881,6.3,746403,666310,647304,665926,608070,677587,680757,672356,686823,54.23,,,,,,,,48,5,Changeup,1,2,1,2,2,1,1,2,Strategic,Standard,144,-0.006,0.0,67.2,8.7,,0.0,,-1,-1,0.4836974947020505,0.4836974947020505,25,25,26,26,3,2,6,1,5,1,2.97,0.18,-0.18,41.0,16.498238136394512,-18.51729960304038,37.999511440845815,41.17682488302257,45.29473198683304
FF,2024-05-02,91.1,2.08,5.5,"Allen, Logan",673237,671106,,foul,,,,,11,Foul,R,R,L,HOU,CLE,S,,,0,2,2024,0.75,1.25,-0.32,3.36,665161,,,1,6,Bot,,,,,,,-7.614354420357399,-132.45088011325186,-2.130678230574252,10.535143128173724,29.276947803152837,-17.177966804408875,3.22,1.52,195,70.8,42,90.6,2130,6.1,746403,666310,647304,665926,608070,677587,680757,672356,686823,54.37,,,,,,,,48,4,4-Seam Fastball,1,2,1,2,2,1,1,2,Strategic,Standard,155,-0.006,0.0,76.0,6.8,,0.0,88.0,-1,-1,0.4836974947020505,0.4836974947020505,25,25,26,26,3,2,6,1,5,1,1.5,0.75,-0.75,43.6,7.320797895214956,2.234647188363416,20.705673245575756,33.33307540689471,28.95628240732971
FF,2024-05-02,91.8,1.99,5.53,"Allen, Logan",673237,671106,,foul,,,,,12,Foul,R,R,L,HOU,CLE,S,,,0,2,2024,0.63,1.6,0.5,3.7,665161,,,1,6,Bot,,,,,,,-5.12753804176614,-133.53352720885204,-2.189265862080744,8.697463981645189,30.780850681709254,-12.801712889305854,3.22,1.52,,,,91.4,2300,6.2,746403,666310,647304,665926,608070,677587,680757,672356,686823,54.27,,,,,,,,48,3,4-Seam Fastball,1,2,1,2,2,1,1,2,Strategic,Standard,154,-0.006,0.0,73.7,6.4,,0.0,,-1,-1,0.4836974947020505,0.4836974947020505,25,25,26,26,3,2,6,1,5,1,1.12,0.63,-0.63,41.9,7.580482594498736,19.040530324791145,15.65566727377941,41.15305016586808,22.32961413603084
CH,2024-05-02,82.4,1.96,5.41,"Allen, Logan",673237,671106,,foul,,,,,13,Foul,R,R,L,HOU,CLE,S,,,0,1,2024,-0.16,-0.06,-0.26,0.55,665161,,,1,6,Bot,,,,,,,-4.748676419770151,-119.82675003025788,-4.330201209375185,-0.4853794211622467,26.41328102593789,-32.04087052365703,3.22,1.52,,,,82.2,866,6.5,746403,666310,647304,665926,608070,677587,680757,672356,686823,54.01,,,,,,,,48,2,Changeup,1,2,1,2,2,1,1,2,Strategic,Standard,143,-0.006,-0.1,75.0,8.7,,0.1,,-1,-1,0.4836974947020505,0.4836974947020505,25,25,26,26,3,2,6,1,5,1,3.46,-0.16,0.16,43.5,16.412948070913334,-15.09461717949213,40.73605734871378,35.01008676646608,41.864429835362856
FC,2024-05-02,85.9,2.05,5.53,"Allen, Logan",673237,671106,,foul,,,,,4,Foul,R,R,L,HOU,CLE,S,,,0,0,2024,-0.2,0.63,-0.65,2.45,665161,,,1,6,Bot,,,,,,,-5.990927344157127,-125.09300015925145,-2.3738616598427744,-0.9827957469749444,23.5143978703739,-25.29704831193096,3.22,1.52,389,109.4,25,86.3,2227,6.3,746403,666310,647304,665926,608070,677587,680757,672356,686823,54.17,,,,,,,,48,1,Cutter,1,2,1,2,2,1,1,2,Strategic,Standard,186,-0.006,-0.049,78.5,7.9,,0.049,109.4,-1,-1,0.4836974947020505,0.4836974947020505,25,25,26,26,3,2,6,1,5,1,2.44,-0.2,0.2,44.2,18.097951726352363,-20.86883971175344,28.56741273872828,30.466690430924807,48.000923871733015
FF,2024-05-02,91.3,2.04,5.5,"Allen, Logan",665161,671106,triple,hit_into_play,,,,,7,Jeremy Peña triples (1) on a sharp fly ball to center fielder Gabriel Arias.,R,R,L,HOU,CLE,X,8,fly_ball,3,1,2024,0.59,1.4,-0.28,2.32,,,,1,6,Bot,109.46,39.11,,,,,-7.118687739127262,-132.6268411361422,-5.08804759136818,8.587568158272903,30.08699668106692,-14.758490454750834,3.64,1.78,397,103.6,25,91.1,2268,6.4,746403,666310,647304,665926,608070,677587,680757,672356,686823,54.07,0.863,1.624,1.6,1,1,2,6,47,5,4-Seam Fastball,1,2,1,2,2,1,1,2,Infield shade,Standard,159,0.122,0.919,76.5,7.8,3.068,-0.919,103.6,-1,-1,0.3564439820372856,0.3564439820372856,25,26,26,27,3,2,6,1,5,1,1.36,0.59,-0.59,49.5,8.42982802691033,-4.067075232520537,34.33866116337915,34.39378613194166,26.88626189831896
CH,2024-05-02,80.1,2.23,5.38,"Allen, Logan",665161,671106,,ball,,,,,12,Ball,R,R,L,HOU,CLE,B,,,2,1,2024,0.23,0.41,1.78,2.73,,,,1,6,Bot,,,,,,,-1.4324380864317705,-116.57883019569532,0.1592507088281731,2.380813631148021,24.636725240467,-28.74817965605828,3.63,1.69,,,,80.0,802,6.5,746403,666310,647304,665926,608070,677587,680757,672356,686823,54.03,,,,,,,,47,4,Changeup,1,2,1,2,2,1,1,2,Infield shade,Standard,134,-0.009,0.122,,,,-0.122,,-1,-1,0.3564439820372856,0.3564439820372856,25,26,26,27,3,2,6,1,5,1,3.18,0.23,-0.23,46.3,,,,,
CH,2024-05-02,79.8,2.06,5.5,"Allen, Logan",665161,671106,,ball,,,,,14,Ball,R,R,L,HOU,CLE,B,,,1,1,2024,0.15,0.25,0.24,1.11,,,,1,6,Bot,,,,,,,-4.323371545380775,-116.1077057140205,-3.3191300669036394,2.299347766276404,24.58783301266687,-29.495991493494635,3.59,1.73,,,,79.6,720,6.5,746403,666310,647304,665926,608070,677587,680757,672356,686823,54.02,,,,,,,,47,3,Changeup,1,2,1,2,2,1,1,2,Infield shade,Standard,147,-0.009,0.059,,,,-0.059,,-1,-1,0.3564439820372856,0.3564439820372856,25,26,26,27,3,2,6,1,5,1,3.37,0.15,-0.15,42.2,,,,,
FF,2024-05-02,90.1,2.13,5.43,"Allen, Logan",665161,671106,,swinging_strike,,,,,4,Swinging Strike,R,R,L,HOU,CLE,S,,,1,0,2024,0.32,1.56,-0.32,2.89,,,,1,6,Bot,,,,,,,-6.756698044871911,-130.93606683645268,-3.588356539982388,5.175021203872234,29.97601689610795,-13.775503670233686,3.64,1.78,,,,89.7,2245,6.3,746403,666310,647304,665926,608070,677587,680757,672356,686823,54.18,,,,,,,,47,2,4-Seam Fastball,1,2,1,2,2,1,1,2,Infield shade,Standard,156,-0.009,-0.051,74.3,7.0,,0.051,,-1,-1,0.3564439820372856,0.3564439820372856,25,26,26,27,3,2,6,1,5,1,1.28,0.32,-0.32,45.6,0.3659954189558697,13.182888267839942,34.172850864915084,34.96351141075107,18.40104727604464
FC,2024-05-02,87.0,2.17,5.46,"Allen, Logan",665161,671106,,ball,,,,,11,Ball,R,R,L,HOU,CLE,B,,,0,0,2024,-0.33,0.74,-1.33,3.49,,,,1,6,Bot,,,,,,,-7.697666675263196,-126.51467665200587,-0.0497026256080274,-1.8552054623341443,27.08117894477455,-24.44259837077619,3.67,1.73,,,,86.7,2309,6.2,746403,666310,647304,665926,608070,677587,680757,672356,686823,54.29,,,,,,,,47,1,Cutter,1,2,1,2,2,1,1,2,Infield shade,Standard,182,-0.009,0.039,,,,-0.039,,-1,-1,0.3564439820372856,0.3564439820372856,25,26,26,27,3,2,6,1,5,1,2.28,-0.33,0.33,42.2,,,,,
ST,2024-05-02,77.6,2.17,5.46,"Allen, Logan",663656,671106,strikeout,called_strike,,,,,7,Kyle Tucker called out on strikes.,R,L,L,HOU,CLE,S,2,,2,2,2024,-1.26,0.1,-0.82,1.67,,,,0,6,Bot,,,,,,,-4.0787125651276535,-112.8916930142908,-1.2658712410012547,-9.884041753583285,23.080911951515315,-31.28759170633085,3.58,1.64,,,,77.0,2355,6.2,746403,666310,647304,665926,608070,677587,680757,672356,686823,54.33,,0.0,0.0,1,0,0,,46,5,Sweeper,1,2,1,2,2,1,1,2,Infield shade,Standard,296,-0.049,-0.227,,,,0.227,,-1,-1,0.3960763965011028,0.3960763965011028,25,27,26,27,3,2,6,1,5,1,3.72,-1.26,-1.26,43.0,,,,,
ST,2024-05-02,77.4,2.28,5.39,"Allen, Logan",663656,671106,,swinging_strike,,,,,8,Swinging Strike,R,L,L,HOU,CLE,S,,,2,1,2024,-1.34,0.22,0.11,1.56,,,,0,6,Bot,,,,,,,-2.1632282874931485,-112.64245125979495,-1.5482134348984569,-10.863178135186988,23.25059003449107,-30.21778005356873,3.46,1.64,,,,76.9,2346,6.3,746403,666310,647304,665926,608070,677587,680757,672356,686823,54.24,,,,,,,,46,4,Sweeper,1,2,1,2,2,1,1,2,Infield shade,Standard,293,-0.009,-0.069,73.5,8.9,,0.069,,-1,-1,0.3960763965011028,0.3960763965011028,25,27,26,27,3,2,6,1,5,1,3.62,-1.34,-1.34,39.3,31.200118023152218,-38.12535963671493,36.19258515248611,36.90086714441912,48.60933286863542
FF,2024-05-02,90.5,2.1,5.44,"Allen, Logan",663656,671106,,ball,,,,,11,Ball,R,L,L,HOU,CLE,B,,,1,1,2024,0.52,1.48,-0.93,2.69,,,,0,6,Bot,,,,,,,-8.693556882893223,-131.46789323351604,-4.02262022532829,8.032388010818712,29.9562420305061,-14.378286964357436,3.5,1.67,,,,90.4,2193,6.5,746403,666310,647304,665926,608070,677587,680757,672356,686823,54.04,,,,,,,,46,3,4-Seam Fastball,1,2,1,2,2,1,1,2,Infield shade,Standard,152,-0.009,0.053,,,,-0.053,,-1,-1,0.3960763965011028,0.3960763965011028,25,27,26,27,3,2,6,1,5,1,1.33,0.52,0.52,44.5,,,,,
FF,2024-05-02,89.7,2.09,5.61,"Allen, Logan",663656,671106,,ball,,,,,11,Ball,R,L,L,HOU,CLE,B,,,0,1,2024,0.3,1.66,-0.93,2.89,,,,0,6,Bot,,,,,,,-8.077369850160006,-130.24039804524674,-4.16571231140811,5.214062094376576,29.591438467625704,-12.691975256295503,3.5,1.67,,,,89.2,2272,6.3,746403,666310,647304,665926,608070,677587,680757,672356,686823,54.23,,,,,,,,46,2,4-Seam Fastball,1,2,1,2,2,1,1,2,Infield shade,Standard,156,-0.009,0.025,,,,-0.025,,-1,-1,0.3960763965011028,0.3960763965011028,25,27,26,27,3,2,6,1,5,1,1.21,0.3,0.3,44.2,,,,,
FC,2024-05-02,83.5,2.11,5.52,"Allen, Logan",663656,671106,,called_strike,,,,,7,Called Strike,R,L,L,HOU,CLE,S,,,0,0,2024,-0.2,0.4,-0.37,1.97,,,,0,6,Bot,,,,,,,-5.332539459098694,-121.45621395954784,-2.4809371953185444,-0.8704462894697402,24.88625747223949,-27.96497374017855,3.46,1.67,,,,83.3,2201,6.3,746403,666310,647304,665926,608070,677587,680757,672356,686823,54.21,,,,,,,,46,1,Cutter,1,2,1,2,2,1,1,2,Infield shade,Standard,199,-0.009,-0.037,,,,0.037,,-1,-1,0.3960763965011028,0.3960763965011028,25,27,26,27,3,2,6,1,5,1,2.89,-0.2,-0.2,42.3,,,,,
ST,2024-05-02,77.1,2.25,5.38,"Allen, Logan",670541,671106,field_out,hit_into_play,,,,,9,Yordan Alvarez flies out to right fielder Will Brennan.,R,L,L,HOU,CLE,X,9,fly_ball,0,2,2024,-1.02,-0.12,0.56,2.13,676694,,514888,2,5,Bot,167.73,85.17,,,,,-1.7328890108368444,-112.26241037947354,0.3359568892938025,-8.232258818437757,22.423866493581876,-33.506252597822574,3.51,1.67,331,87.4,30,76.9,2338,6.4,746403,666310,647304,665926,608070,677587,680757,672356,686823,54.13,0.029,0.029,0.0,1,0,0,3,41,3,Sweeper,1,2,1,2,2,1,1,2,Standard,Standard,299,-0.083,-0.171,67.0,7.3,0.052,0.171,88.0,-1,-1,0.4157334689315756,0.4157334689315756,25,27,26,27,3,2,6,1,5,1,3.98,-1.02,-1.02,37.5,10.764653057354009,-9.050940174672697,44.29224544919648,28.063851425093358,37.19780446990109
FF,2024-05-02,91.6,2.01,5.44,"Allen, Logan",670541,671106,,foul,,,,,1,Foul,R,L,L,HOU,CLE,S,,,0,1,2024,0.68,1.53,-0.38,3.59,676694,,514888,2,5,Bot,,,,,,,-7.4847332264878785,-133.17908740061904,-2.03773423500516,9.80202254282178,30.488342928530777,-13.845474258017964,3.51,1.67,304,89.7,32,91.2,2270,6.2,746403,666310,647304,665926,608070,677587,680757,672356,686823,54.28,,,,,,,,41,2,4-Seam Fastball,1,2,1,2,2,1,1,2,Infield shade,Standard,153,-0.008,-0.082,71.1,5.8,,0.082,89.7,-1,-1,0.4157334689315756,0.4157334689315756,25,27,26,27,3,2,6,1,5,1,1.21,0.68,0.68,41.3,-9.030467889296448,30.77294273276144,25.942281841093425,40.7689546044447,18.58193301542917
FF,2024-05-02,92.6,1.99,5.52,"Allen, Logan",670541,671106,,foul,,,,,8,Foul,R,L,L,HOU,CLE,S,,,0,0,2024,0.73,1.37,-0.22,2.15,676694,,514888,2,5,Bot,,,,,,,-7.223544068275643,-134.51049899056102,-5.728125896045568,10.436601744757176,31.315362957596864,-14.534722424329932,3.51,1.67,178,81.1,64,92.2,2272,6.3,746403,666310,647304,665926,608070,677587,680757,672356,686823,54.19,,,,,,,,41,1,4-Seam Fastball,1,2,1,2,2,1,1,2,Standard,Standard,153,-0.008,-0.046,80.5,8.0,,0.046,88.0,-1,-1,0.4157334689315756,0.4157334689315756,25,27,26,27,3,2,6,1,5,1,1.32,0.73,0.73,41.7,4.832861537831287,-7.201261824293487,36.74895399039405,38.63843097121144,32.16273552542645
FF,2024-05-02,91.3,2.05,5.42,"Allen, Logan",608324,671106,field_out,hit_into_play,,,,,4,Alex Bregman pops out to first baseman Josh Naylor.,R,R,L,HOU,CLE,X,3,popup,1,0,2024,0.25,1.65,-0.79,2.57,676694,,514888,1,5,Bot,157.94,164.77,,,,,-7.660979581264528,-132.6549431610377,-4.767722008304581,4.7560707377569456,30.717934584880595,-11.90270184249284,3.19,1.53,122,60.4,63,90.8,2228,6.3,746403,666310,647304,665926,608070,677587,680757,672356,686823,54.23,0.001,0.0,0.0,1,0,0,3,40,2,4-Seam Fastball,1,2,1,2,2,1,1,2,Standard,Standard,157,-0.109,-0.164,62.9,6.4,0.001,0.164,88.0,-1,-1,0.5166570090381908,0.5166570090381908,25,30,26,30,3,2,6,1,5,1,1.11,0.25,-0.25,42.7,13.148221366383195,2.949097813855132,31.566960042410788,23.949089104984186,25.127115237346736
ST,2024-05-02,80.1,2.1,5.47,"Allen, Logan",608324,671106,,ball,,,,,13,Ball,R,R,L,HOU,CLE,B,,,0,0,2024,-1.42,0.04,-1.2,1.87,676694,,514888,1,5,Bot,,,,,,,-4.599250377874059,-116.50505970308204,-1.1862025373117866,-11.72709158600444,25.814171576745125,-31.82840549294897,3.19,1.48,,,,79.3,2306,6.2,746403,666310,647304,665926,608070,677587,680757,672356,686823,54.31,,,,,,,,40,1,Sweeper,1,2,1,2,2,1,1,2,Standard,Standard,295,-0.011,0.024,,,,-0.024,,-1,-1,0.5166570090381908,0.5166570090381908,25,30,26,30,3,2,6,1,5,1,3.57,-1.42,1.42,42.2,,,,,
FF,2024-05-02,90.5,2.07,5.47,"Allen, Logan",514888,671106,single,hit_into_play,,,,,8,Jose Altuve singles on a ground ball to center fielder Gabriel Arias. Jake Meyers to 3rd.,R,R,L,HOU,CLE,X,8,ground_ball,1,0,2024,0.46,1.4,-0.06,1.66,,,676694,1,5,Bot,123.63,85.17,,,,,-6.316648739021521,-131.5739128269733,-6.536893554933334,6.683625316878481,28.55836939186721,-14.706252581094652,2.94,1.35,86,86.6,6,90.5,2209,6.4,746403,666310,647304,665926,608070,677587,680757,672356,686823,54.12,0.491,0.484,0.9,1,1,0,4,39,2,4-Seam Fastball,1,2,1,2,2,1,1,2,Standard,Standard,154,0.086,0.369,70.8,7.9,0.588,-0.369,88.0,-1,-1,0.4195878195608196,0.4195878195608196,25,34,26,34,3,2,6,1,5,1,1.39,0.46,-0.46,42.8,11.757439513390455,13.49348023156842,31.80878504711188,37.97765649756087,15.151442703568849
FC,2024-05-02,82.8,2.34,5.49,"Allen, Logan",514888,671106,,ball,,,,,12,Ball,R,R,L,HOU,CLE,B,,,0,0,2024,-0.71,0.25,1.57,2.58,,,676694,1,5,Bot,,,,,,,-0.3776424092472719,-120.65164624228107,-0.6308568879639631,-6.835877755943198,25.177363695361866,-29.85740289789856,2.83,1.26,,,,82.3,2178,6.0,746403,666310,647304,665926,608070,677587,680757,672356,686823,54.45,,,,,,,,39,1,Cutter,1,2,1,2,2,1,1,2,Standard,Standard,204,-0.008,0.036,,,,-0.036,,-1,-1,0.4195878195608196,0.4195878195608196,25,34,26,34,3,2,6,1,5,1,3.09,-0.71,0.71,40.6,,,,,
ST,2024-05-02,78.9,2.19,5.38,"Allen, Logan",676694,671106,walk,ball,,,,,13,Jake Meyers walks.,R,R,L,HOU,CLE,B,,,3,2,2024,-1.24,0.19,-1.53,1.84,,,,1,5,Bot,,,,,,,-5.800875472719897,-114.735687255049,-1.1977416750030754,-9.785533761735346,22.552458816314616,-30.518680752060632,3.3,1.57,,,,78.9,2231,6.4,746403,666310,647304,665926,608070,677587,680757,672356,686823,54.05,,0.689131,0.7,1,0,0,,38,6,Sweeper,1,2,1,2,2,1,1,2,Standard,Standard,294,0.03,0.348,,,,-0.348,,-1,-1,0.3815237872182657,0.3815237872182657,25,28,26,28,2,1,6,2,5,1,3.5,-1.24,1.24,40.7,,,,,
FF,2024-05-02,89.8,2.07,5.43,"Allen, Logan",676694,671106,,foul,,,,,1,Foul,R,R,L,HOU,CLE,S,,,3,1,2024,0.31,1.53,-0.5,2.88,,,,1,5,Bot,,,,,,,-7.064676605634624,-130.55825788739884,-3.5476178608209628,5.12287028784146,29.13789158861083,-14.14197488512218,3.32,1.59,83,72.6,83,90.2,2103,6.7,746403,666310,647304,665926,608070,677587,680757,672356,686823,53.8,,,,,,,,38,5,4-Seam Fastball,1,2,1,2,2,1,1,2,Standard,Standard,159,-0.009,-0.092,66.9,7.2,,0.092,88.0,-1,-1,0.3815237872182657,0.3815237872182657,25,28,26,28,2,1,6,2,5,1,1.31,0.31,-0.31,45.0,18.098631116415696,-20.246709372443664,26.3089173544605,34.32369547232509,34.54148108312836
FF,2024-05-02,89.2,2.08,5.46,"Allen, Logan",676694,671106,,called_strike,,,,,2,Called Strike,R,R,L,HOU,CLE,S,,,3,0,2024,0.4,1.48,0.05,3.5,,,,1,5,Bot,,,,,,,-5.880104513323062,-129.7788712915125,-1.8717683541778791,5.8299361617558025,28.571526795727586,-15.36482002159766,3.4,1.59,,,,89.6,2154,6.7,746403,666310,647304,665926,608070,677587,680757,672356,686823,53.84,,,,,,,,38,4,4-Seam Fastball,1,2,1,2,2,1,1,2,Standard,Standard,160,-0.009,-0.081,,,,0.081,,-1,-1,0.3815237872182657,0.3815237872182657,25,28,26,28,2,1,6,2,5,1,1.4,0.4,-0.4,50.0,,,,,
FC,2024-05-02,84.8,2.34,5.41,"Allen, Logan",676694,671106,,ball,,,,,12,Ball,R,R,L,HOU,CLE,B,,,2,0,2024,-0.53,0.5,1.12,2.59,,,,1,5,Bot,,,,,,,-1.7868507837500367,-123.5362003844374,-1.2497779946377163,-5.104116866438862,25.04249577623448,-27.024664940272583,3.3,1.5,,,,84.9,2178,6.3,746403,666310,647304,665926,608070,677587,680757,672356,686823,54.19,,,,,,,,38,3,Cutter,1,2,1,2,2,1,1,2,Standard,Standard,193,-0.009,0.139,,,,-0.139,,-1,-1,0.3815237872182657,0.3815237872182657,25,28,26,28,2,1,6,2,5,1,2.67,-0.53,0.53,41.2,,,,,
FF,2024-05-02,89.2,2.21,5.47,"Allen, Logan",676694,671106,,ball,,,,,12,Ball,R,R,L,HOU,CLE,B,,,1,0,2024,0.36,1.48,0.94,3.74,,,,1,5,Bot,,,,,,,-3.888115953014013,-129.91868223140438,-1.3444466965046562,4.886402517810612,28.252930354327127,-15.356767177373632,3.3,1.54,,,,89.1,2148,6.2,746403,666310,647304,665926,608070,677587,680757,672356,686823,54.25,,,,,,,,38,2,4-Seam Fastball,1,2,1,2,2,1,1,2,Standard,Standard,164,-0.009,0.072,,,,-0.072,,-1,-1,0.3815237872182657,0.3815237872182657,25,28,26,28,2,1,6,2,5,1,1.39,0.36,-0.36,47.2,,,,,
FC,2024-05-02,84.8,2.26,5.54,"Allen, Logan",676694,671106,,ball,,,,,14,Ball,R,R,L,HOU,CLE,B,,,0,0,2024,-0.37,0.49,1.87,2.35,,,,1,5,Bot,,,,,,,-0.1551840021441199,-123.57432794584528,-2.092551399550211,-3.789524743643402,25.67163307090698,-26.944613494324635,3.26,1.47,,,,84.5,2124,6.1,746403,666310,647304,665926,608070,677587,680757,672356,686823,54.37,,,,,,,,38,1,Cutter,1,2,1,2,2,1,1,2,Standard,Standard,187,-0.009,0.039,,,,-0.039,,-1,-1,0.3815237872182657,0.3815237872182657,25,28,26,28,2,1,6,2,5,1,2.68,-0.37,0.37,45.7,,,,,
ST,2024-05-02,78.5,2.19,5.49,"Allen, Logan",643289,671106,field_out,hit_into_play,,,,,13,Mauricio Dubón pops out to second baseman Andrés Giménez.,R,R,L,HOU,CLE,X,4,popup,0,2,2024,-1.19,0.04,-0.93,1.24,,,,0,5,Bot,157.09,135.36,,,,,-4.547293901115258,-114.23550338761152,-2.382172222711082,-9.416723610225082,22.82317854837004,-31.58889074748304,3.23,1.53,182,82.6,61,78.2,2344,6.3,746403,666310,647304,665926,608070,677587,680757,672356,686823,54.22,0.017,0.015,0.0,1,0,0,3,37,3,Sweeper,1,2,1,2,2,1,1,2,Standard,Standard,296,-0.042,-0.163,69.7,8.3,0.018,0.163,88.0,-1,-1,0.4154709813310394,0.4154709813310394,25,29,26,30,2,1,6,1,5,1,3.69,-1.19,1.19,43.4,15.122323170157918,-17.30134765481278,44.75495002032335,28.85300591421796,33.91843779763454
FF,2024-05-02,90.6,2.05,5.61,"Allen, Logan",643289,671106,,foul,,,,,11,Foul,R,R,L,HOU,CLE,S,,,0,1,2024,0.68,1.51,-0.58,3.58,,,,0,5,Bot,,,,,,,-7.986876354344146,-131.74863979308748,-2.334074395311337,9.634906993124073,29.015697112648425,-14.333201735076557,3.23,1.53,189,71.9,60,90.2,2287,6.2,746403,666310,647304,665926,608070,677587,680757,672356,686823,54.33,,,,,,,,37,2,4-Seam Fastball,1,2,1,2,2,1,1,2,Standard,Standard,157,-0.008,-0.054,64.7,7.0,,0.054,88.0,-1,-1,0.4154709813310394,0.4154709813310394,25,29,26,30,2,1,6,1,5,1,1.28,0.68,-0.68,46.5,9.325749014309675,2.0223474196743747,29.653252032801948,32.22523003108591,25.010332805123586
FF,2024-05-02,90.8,2.12,5.64,"Allen, Logan",643289,671106,,swinging_strike,,,,,11,Swinging Strike,R,R,L,HOU,CLE,S,,,0,0,2024,0.49,1.47,-0.33,3.48,,,,0,5,Bot,,,,,,,-7.161917082321755,-132.07998782316716,-2.625853043101062,7.317713140715612,29.59111321526756,-14.611439603775615,3.23,1.53,,,,90.4,2196,6.2,746403,666310,647304,665926,608070,677587,680757,672356,686823,54.31,,,,,,,,37,1,4-Seam Fastball,1,2,1,2,2,1,1,2,Standard,Standard,158,-0.008,-0.037,73.2,7.5,,0.037,,-1,-1,0.4154709813310394,0.4154709813310394,25,29,26,30,2,1,6,1,5,1,1.3,0.49,-0.49,52.6,10.942134621192508,8.12820661784555,27.302191827506253,35.55276663967959,17.49045276020249
FC,2024-05-02,86.4,2.03,5.54,"Allen, Logan",572138,671106,field_out,hit_into_play,,,,,2,Jon Singleton grounds out to first baseman Josh Naylor.,R,L,L,HOU,CLE,X,3,ground_ball,0,0,2024,-0.36,0.75,0.21,3.26,665161,,,2,4,Bot,165.2,161.21,,,,,-3.5763058770005025,-125.86196747939395,-0.7539665936085113,-3.1419458723450213,25.38129484482792,-24.24155348317465,3.18,1.47,5,85.3,-32,86.3,2192,6.2,746403,666310,647304,665926,608070,677587,680757,672356,686823,54.35,0.066,0.05,0.0,1,0,0,2,33,1,Cutter,1,2,1,2,2,1,1,2,Strategic,Standard,189,-0.056,-0.279,70.3,6.6,0.078,0.279,88.0,-1,-1,0.4124841844968238,0.4124841844968238,25,32,26,33,2,1,6,1,5,1,2.29,-0.36,-0.36,43.1,15.57630769611383,-11.618216898542942,16.925846524344834,36.891990129504286,33.41643698030006
FC,2024-05-02,85.6,2.06,5.62,"Allen, Logan",673237,671106,field_out,hit_into_play,,,,,12,Yainer Diaz flies out to center fielder Gabriel Arias. Jeremy Peña to 3rd.,R,R,L,HOU,CLE,X,8,fly_ball,1,2,2024,-0.52,0.21,0.36,3.46,,665161,,1,4,Bot,164.94,55.76,,,,,-2.972646091622966,-124.67126207558432,0.7835971118492322,-4.741151202079771,25.981918360370045,-30.381601741292684,3.22,1.52,367,96.8,30,85.4,2232,6.2,746403,666310,647304,665926,608070,677587,680757,672356,686823,54.34,0.246,0.407,0.0,1,0,0,5,32,9,Cutter,1,2,1,2,2,1,1,2,Standard,Standard,210,-0.049,-0.185,78.1,6.9,0.781,0.185,96.8,-1,-1,0.4539494861450849,0.4539494861450849,25,25,26,26,2,1,6,1,5,1,2.9,-0.52,0.52,45.3,14.223966829198066,14.738756356974354,15.539468573754268,41.5273226632828,31.413366474078764
FF,2024-05-02,92.3,2.0,5.48,"Allen, Logan",673237,671106,,foul,,,,,2,Foul,R,R,L,HOU,CLE,S,,,1,2,2024,0.51,1.23,0.18,3.14,,665161,,1,4,Bot,,,,,,,-5.734101451980485,-134.24107103451527,-2.78426788309952,7.413243866220241,30.337145229298624,-16.891789556798734,3.22,1.52,214,73.7,46,92.0,2196,6.3,746403,666310,647304,665926,608070,677587,680757,672356,686823,54.25,,,,,,,,32,8,4-Seam Fastball,1,2,1,2,2,1,1,2,Infield shade,Standard,157,-0.007,0.0,77.2,7.2,,0.0,88.0,-1,-1,0.4539494861450849,0.4539494861450849,25,25,26,26,2,1,6,1,5,1,1.45,0.51,-0.51,45.5,7.537893769923654,5.351196257280867,23.965069759860672,40.67469357358259,30.54196516334549
CH,2024-05-02,82.9,2.08,5.47,"Allen, Logan",673237,671106,,foul,,,,,14,Foul,R,R,L,HOU,CLE,S,,,1,2,2024,0.14,0.2,0.67,0.63,,665161,,1,4,Bot,,,,,,,-3.5112946218366425,-120.66457530940852,-4.961830474267413,2.067051058771327,24.494826959724712,-29.44179470477032,3.22,1.52,39,26.4,38,82.8,1002,6.3,746403,666310,647304,665926,608070,677587,680757,672356,686823,54.19,,,,,,,,32,7,Changeup,1,2,1,2,2,1,1,2,Standard,Standard,147,-0.007,0.0,69.8,8.5,,0.0,88.0,-1,-1,0.4539494861450849,0.4539494861450849,25,25,26,26,2,1,6,1,5,1,3.13,0.14,-0.14,45.4,15.527028622770178,-4.383473716885517,38.35001868951477,44.88392342090134,38.35263140385726
FF,2024-05-02,92.4,2.06,5.56,"Allen, Logan",673237,671106,,foul,,,,,5,Foul,R,R,L,HOU,CLE,S,,,1,2,2024,0.62,1.45,-0.01,2.07,,665161,,1,4,Bot,,,,,,,-6.620999457257743,-134.33734256667958,-6.219452829959858,8.920505045235409,29.192724159425232,-13.438656731087772,3.22,1.52,215,75.8,24,92.3,2203,6.3,746403,666310,647304,665926,608070,677587,680757,672356,686823,54.23,,,,,,,,32,6,4-Seam Fastball,1,2,1,2,2,1,1,2,Standard,Standard,152,-0.007,0.0,71.0,6.5,,0.0,88.0,-1,-1,0.4539494861450849,0.4539494861450849,25,25,26,26,2,1,6,1,5,1,1.22,0.62,-0.62,41.3,-9.308784301876036,27.018070143968256,36.49412129171512,36.38146595657525,16.962759564841484
ST,2024-05-02,78.6,2.09,5.5,"Allen, Logan",673237,671106,,foul,,,,,8,Foul,R,R,L,HOU,CLE,S,,,1,2,2024,-1.36,-0.34,0.06,1.98,,665161,,1,4,Bot,,,,,,,-1.8762955214621129,-114.42841586743432,-0.1335500356397567,-11.45834070077893,22.95710978454448,-35.31911315870162,3.22,1.52,3,63.5,-36,78.1,2322,6.1,746403,666310,647304,665926,608070,677587,680757,672356,686823,54.39,,,,,,,,32,5,Sweeper,1,2,1,2,2,1,1,2,Standard,Standard,295,-0.007,0.0,77.7,8.0,,0.0,88.0,-1,-1,0.4539494861450849,0.4539494861450849,25,25,26,26,2,1,6,1,5,1,4.05,-1.36,1.36,46.7,16.88284338309702,-12.25034147711697,28.912324567224765,38.44976877217691,43.64882503127367
ST,2024-05-02,79.0,2.16,5.54,"Allen, Logan",673237,671106,,foul,,,,,14,Foul,R,R,L,HOU,CLE,S,,,1,2,2024,-1.04,-0.11,0.95,1.89,,665161,,1,4,Bot,,,,,,,-0.6974480935146292,-115.02219013850544,-0.9248769372656428,-9.09485904017508,22.41770893503742,-33.16425570993637,3.22,1.52,2,68.0,-43,78.6,2218,6.1,746403,666310,647304,665926,608070,677587,680757,672356,686823,54.4,,,,,,,,32,4,Sweeper,1,2,1,2,2,1,1,2,Standard,Standard,290,-0.007,0.0,71.2,8.1,,0.0,88.0,-1,-1,0.4539494861450849,0.4539494861450849,25,25,26,26,2,1,6,1,5,1,3.77,-1.04,1.04,47.8,11.727674874680485,-11.760865250500254,29.28879931060216,46.1486473030707,41.21081838998607
FF,2024-05-02,90.6,2.24,5.56,"Allen, Logan",673237,671106,,called_strike,,,,,1,Called Strike,R,R,L,HOU,CLE,S,,,1,1,2024,0.47,1.49,-0.75,2.82,,665161,,1,4,Bot,,,,,,,-8.46552328431243,-131.66109478624463,-4.07883764410043,7.304944679415324,28.879699115045018,-14.1474079431564,3.15,1.47,,,,90.4,2205,6.3,746403,666310,647304,665926,608070,677587,680757,672356,686823,54.17,,,,,,,,32,3,4-Seam Fastball,1,2,1,2,2,1,1,2,Infield shade,Standard,157,-0.007,-0.062,,,,0.062,,-1,-1,0.4539494861450849,0.4539494861450849,25,25,26,26,2,1,6,1,5,1,1.3,0.47,-0.47,44.7,,,,,
FF,2024-05-02,90.8,2.01,5.51,"Allen, Logan",673237,671106,,foul,,,,,2,Foul,R,R,L,HOU,CLE,S,,,1,0,2024,0.57,1.44,0.19,3.01,,665161,,1,4,Bot,,,,,,,-5.768225590968919,-132.0069929126514,-3.380545308149497,7.93933290083023,30.35392887986161,-14.826513683379694,3.22,1.52,166,77.4,70,90.4,2151,6.3,746403,666310,647304,665926,608070,677587,680757,672356,686823,54.22,,,,,,,,32,2,4-Seam Fastball,1,2,1,2,2,1,1,2,Standard,Standard,150,-0.007,-0.043,74.4,7.3,,0.043,88.0,-1,-1,0.4539494861450849,0.4539494861450849,25,25,26,26,2,1,6,1,5,1,1.34,0.57,-0.57,42.3,5.858865747786245,5.107205894667928,24.85581285800989,38.550746972594816,29.171684263435004
CH,2024-05-02,80.1,2.07,5.5,"Allen, Logan",673237,671106,,ball,,,,,12,Ball,R,R,L,HOU,CLE,B,,,0,0,2024,-0.06,0.18,0.85,3.48,,,665161,1,4,Bot,,,,,,,-2.5563081803860275,-116.50383710664492,1.9741812305217512,-0.0511070272959129,23.97436237422524,-31.16710270404756,3.17,1.42,,,,79.6,887,6.2,746403,666310,647304,665926,608070,677587,680757,672356,686823,54.31,,,,,,,,32,1,Changeup,1,2,1,2,2,1,1,2,Standard,Standard,161,0.015,0.036,,,,-0.036,,-1,-1,0.4316045965408716,0.4316045965408716,25,25,26,26,2,1,6,1,5,1,3.4,-0.06,0.06,44.8,,,,,
FC,2024-05-02,86.7,2.19,5.47,"Allen, Logan",665161,671106,single,hit_into_play,,,,,4,Jeremy Peña singles on a ground ball to second baseman Andrés Giménez.,R,R,L,HOU,CLE,X,4,ground_ball,1,0,2024,-0.51,0.74,-0.61,2.83,,,,1,4,Bot,116.71,145.77,,,,,-5.664078352250077,-126.20882123382874,-1.6202202325144506,-4.274564640780032,26.001026081143287,-24.10623110318444,3.64,1.78,56,63.7,4,87.0,2346,6.5,746403,666310,647304,665926,608070,677587,680757,672356,686823,54.02,0.169,0.19,0.9,1,1,0,2,31,2,Cutter,1,2,1,2,2,1,1,2,Infield shade,Standard,183,0.027,0.383,73.3,6.8,0.205,-0.383,88.0,-1,-1,0.3979683979478204,0.3979683979478204,25,26,26,27,2,1,6,1,5,1,2.29,-0.51,0.51,45.5,-1.8557250603416249,8.67843579352296,32.59917891715755,30.550976208965217,20.38922300399612
FF,2024-05-02,92.6,2.02,5.5,"Allen, Logan",665161,671106,,ball,,,,,13,Ball,R,R,L,HOU,CLE,B,,,0,0,2024,0.44,1.54,-1.59,2.55,,,,1,4,Bot,,,,,,,-10.191799931242432,-134.3130657321004,-5.038871672151455,7.662934373891065,31.292656471337384,-12.571390575855034,3.66,1.73,,,,92.3,2295,6.5,746403,666310,647304,665926,608070,677587,680757,672356,686823,54.01,,,,,,,,31,1,4-Seam Fastball,1,2,1,2,2,1,1,2,Infield shade,Standard,158,-0.007,0.039,,,,-0.039,,-1,-1,0.3979683979478204,0.3979683979478204,25,26,26,27,2,1,6,1,5,1,1.15,0.44,-0.44,45.7,,,,,
FF,2024-05-02,90.6,2.25,5.35,"Allen, Logan",663656,671106,strikeout,swinging_strike,,,,,3,Kyle Tucker strikes out swinging.,R,L,L,HOU,CLE,S,2,,3,2,2024,0.49,1.47,0.44,3.37,,,,0,4,Bot,,,,,,,-5.601009236870037,-131.84564716650297,-2.132036248923453,6.971437011948253,29.9381923650505,-14.900213201450615,3.46,1.64,,,,90.6,2279,6.4,746403,666310,647304,665926,608070,677587,680757,672356,686823,54.08,,0.0,0.0,1,0,0,,30,6,4-Seam Fastball,1,2,1,2,2,1,1,2,Infield shade,Standard,160,-0.037,-0.333,72.2,6.3,,0.333,,-1,-1,0.427997886514179,0.427997886514179,25,27,26,27,2,1,6,1,5,1,1.33,0.49,0.49,40.2,1.537878494237187,0.3296410040493129,29.65088787964917,34.663466336466605,19.35975528090793
ST,2024-05-02,78.9,2.31,5.34,"Allen, Logan",663656,671106,,swinging_strike,,,,,13,Swinging Strike,R,L,L,HOU,CLE,S,,,3,1,2024,-1.14,0.18,-1.31,1.67,,,,0,4,Bot,,,,,,,-5.793642989867034,-114.76346921452816,-1.3907962219225427,-8.729504240692224,24.596559060312995,-30.57103220167724,3.46,1.64,,,,78.8,2295,6.6,746403,666310,647304,665926,608070,677587,680757,672356,686823,53.92,,,,,,,,30,5,Sweeper,1,2,1,2,2,1,1,2,Infield shade,Standard,296,-0.007,-0.085,64.8,8.8,,0.085,,-1,-1,0.427997886514179,0.427997886514179,25,27,26,27,2,1,6,1,5,1,3.53,-1.14,-1.14,41.2,27.937809659651357,-32.776460657065705,32.64389240021851,54.02707394221634,42.23356571495823
ST,2024-05-02,78.2,2.3,5.33,"Allen, Logan",663656,671106,,ball,,,,,13,Ball,R,L,L,HOU,CLE,B,,,2,1,2024,-1.54,0.08,-1.25,1.6,,,,0,4,Bot,,,,,,,-4.798837549358563,-113.66752231581448,-1.175959041391509,-12.145576135222736,24.611240762478733,-31.499690702467912,3.51,1.68,,,,77.5,2380,6.3,746403,666310,647304,665926,608070,677587,680757,672356,686823,54.24,,,,,,,,30,4,Sweeper,1,2,1,2,2,1,1,2,Infield shade,Standard,299,-0.007,0.122,,,,-0.122,,-1,-1,0.427997886514179,0.427997886514179,25,27,26,27,2,1,6,1,5,1,3.71,-1.54,-1.54,45.8,,,,,
FF,2024-05-02,91.2,2.21,5.51,"Allen, Logan",663656,671106,,ball,,,,,13,Ball,R,L,L,HOU,CLE,B,,,1,1,2024,0.88,1.43,-1.04,1.77,,,,0,4,Bot,,,,,,,-10.05666070433304,-132.35297771000313,-6.527051706594375,12.57334863625171,29.84329977475469,-14.04932260983543,3.55,1.68,,,,91.0,2345,6.4,746403,666310,647304,665926,608070,677587,680757,672356,686823,54.07,,,,,,,,30,3,4-Seam Fastball,1,2,1,2,2,1,1,2,Infield shade,Standard,153,-0.007,0.053,,,,-0.053,,-1,-1,0.427997886514179,0.427997886514179,25,27,26,27,2,1,6,1,5,1,1.33,0.88,0.88,48.5,,,,,
FC,2024-05-02,85.0,2.24,5.47,"Allen, Logan",663656,671106,,ball,,,,,11,Ball,R,L,L,HOU,CLE,B,,,0,1,2024,-0.47,0.36,-1.22,3.02,,,,0,4,Bot,,,,,,,-7.166472945478862,-123.66377259511069,-0.1055251078369179,-3.294524251567968,25.78761544723385,-28.724775580097614,3.58,1.72,,,,84.7,2355,6.2,746403,666310,647304,665926,608070,677587,680757,672356,686823,54.26,,,,,,,,30,2,Cutter,1,2,1,2,2,1,1,2,Infield shade,Standard,214,-0.007,0.025,,,,-0.025,,-1,-1,0.427997886514179,0.427997886514179,25,27,26,27,2,1,6,1,5,1,2.81,-0.47,-0.47,41.2,,,,,
FF,2024-05-02,91.2,2.21,5.47,"Allen, Logan",663656,671106,,called_strike,,,,,7,Called Strike,R,L,L,HOU,CLE,S,,,0,0,2024,0.79,1.42,-0.31,2.11,,,,0,4,Bot,,,,,,,-8.027892504419718,-132.49059946257287,-5.5506330159448245,11.045965096574708,30.275871556045335,-14.501480454234532,3.55,1.65,,,,90.9,2346,6.3,746403,666310,647304,665926,608070,677587,680757,672356,686823,54.15,,,,,,,,30,1,4-Seam Fastball,1,2,1,2,2,1,1,2,Infield shade,Standard,153,-0.007,-0.037,,,,0.037,,-1,-1,0.427997886514179,0.427997886514179,25,27,26,27,2,1,6,1,5,1,1.35,0.79,0.79,41.0,,,,,
FC,2024-05-02,85.8,1.92,5.43,"Allen, Logan",670541,671106,field_out,hit_into_play,,,,,13,Yordan Alvarez pops out to shortstop Brayan Rocchio.,R,L,L,HOU,CLE,X,6,popup,2,0,2024,-0.6,0.39,-1.04,1.81,643289,514888,,2,3,Bot,122.61,123.7,,,,,-5.796391082007783,-124.72986686811936,-2.992271604404129,-4.953329477987732,27.672301160845404,-27.73704054809392,3.51,1.67,228,79.5,50,85.4,2269,6.3,746403,666310,647304,665926,608070,677587,680757,672356,686823,54.2,0.066,0.081,0.0,1,0,0,3,26,3,Cutter,1,2,1,2,2,1,1,2,Standard,Standard,193,-0.077,-0.322,75.5,8.5,0.113,0.322,88.0,-1,-1,0.4475517703966435,0.4475517703966435,25,27,26,27,2,1,6,1,5,1,2.74,-0.6,-0.6,42.5,18.79596775867629,-10.674704271023666,30.66383612629753,47.068771424598985,44.808272076360126
SI,2024-05-02,91.9,1.9,5.58,"Allen, Logan",670541,671106,,ball,,,,,12,Ball,R,L,L,HOU,CLE,B,,,1,0,2024,0.64,1.64,0.65,4.03,572138,643289,514888,2,3,Bot,,,,,,,-4.560180308898289,-133.6980133662506,-1.5970510167131082,8.748046452027717,31.04232220721427,-12.499411538543091,3.56,1.81,,,,91.6,2244,6.3,746403,666310,647304,665926,608070,677587,680757,672356,686823,54.23,,,,,,,,26,2,Sinker,0,2,0,2,2,1,1,2,Infield shade,Standard,160,0.082,0.088,,,,-0.088,,-2,-2,0.3602832541233375,0.3602832541233375,25,27,26,27,2,1,6,1,5,1,1.08,0.64,0.64,43.4,,,,,
FF,2024-05-02,92.5,1.99,5.48,"Allen, Logan",670541,671106,,ball,,,,,13,Ball,R,L,L,HOU,CLE,B,,,0,0,2024,0.3,1.64,-0.97,2.21,572138,643289,514888,2,3,Bot,,,,,,,-8.197996408719636,-134.3856643565141,-6.053997667869174,5.500008531299661,31.115785217682248,-11.211181962715788,3.47,1.71,,,,92.1,2230,6.3,746403,666310,647304,665926,608070,677587,680757,672356,686823,54.18,,,,,,,,26,1,4-Seam Fastball,0,2,0,2,2,0,0,2,Infield shade,Standard,148,-0.011,0.031,,,,-0.031,,-2,-2,0.3602832541233375,0.3602832541233375,25,27,26,27,2,1,6,1,5,1,1.05,0.3,0.3,44.6,,,,,
FF,2024-05-02,92.7,1.91,5.49,"Allen, Logan",608324,671106,field_out,hit_into_play,,,,,4,Alex Bregman pops out to first baseman Josh Naylor on the infield fly rule.,R,R,L,HOU,CLE,X,3,popup,0,0,2024,0.61,1.32,-0.55,2.59,572138,643289,514888,1,3,Bot,143.4,161.21,,,,,-7.631231433501152,-134.78709948753095,-4.5083078245710695,9.13502998096068,29.80003275704973,-15.292392741261647,3.19,1.53,95,69.7,71,92.8,2211,6.5,746403,666310,647304,665926,608070,677587,680757,672356,686823,54.04,0.001,0.0,0.0,1,0,0,3,25,1,4-Seam Fastball,0,2,0,2,2,0,0,2,Standard,Standard,157,-0.102,-0.138,78.1,6.7,0.001,0.138,88.0,-2,-2,0.4512885789767853,0.4512885789767853,25,30,26,30,2,1,6,1,5,1,1.34,0.61,-0.61,45.5,18.23697614973433,-2.621677476473374,30.12003732773029,25.441892700460365,29.07885410307277
ST,2024-05-02,78.9,2.14,5.47,"Allen, Logan",514888,671106,single,hit_into_play,,,,,14,Jose Altuve singles on a ground ball to second baseman Andrés Giménez. Jon Singleton to 3rd. Mauricio Dubón to 2nd.,R,R,L,HOU,CLE,X,4,ground_ball,3,2,2024,-1.05,-0.27,1.17,1.6,,572138,643289,1,3,Bot,126.16,140.43,,,,,-0.1478144593723253,-114.82465110520374,-1.0135611717107642,-9.116819983570569,24.465307453352867,-34.530237161275124,2.94,1.35,10,87.4,-9,78.2,2223,6.1,746403,666310,647304,665926,608070,677587,680757,672356,686823,54.39,0.174,0.165,0.9,1,1,0,2,24,9,Sweeper,0,2,0,2,2,0,0,2,Standard,Standard,292,0.061,0.422,59.2,8.0,0.236,-0.422,88.0,-2,-2,0.377831445726882,0.377831445726882,25,34,26,34,2,1,6,1,5,1,3.97,-1.05,1.05,44.7,16.296662135487278,3.697790948822888,24.77984178515076,52.1598585556124,20.418044753973486
FF,2024-05-02,91.0,2.1,5.41,"Allen, Logan",514888,671106,,foul,,,,,2,Foul,R,R,L,HOU,CLE,S,,,3,2,2024,0.69,1.34,0.19,2.73,,572138,643289,1,3,Bot,,,,,,,-6.28851076167166,-132.3802000437698,-3.6855335417553614,9.528601633368758,30.099261071209,-15.831218648869548,2.94,1.35,70,85.3,80,91.0,2071,6.5,746403,666310,647304,665926,608070,677587,680757,672356,686823,54.04,,,,,,,,24,8,4-Seam Fastball,0,2,0,2,2,0,0,2,Standard,Standard,150,-0.013,0.0,62.0,7.9,,0.0,88.0,-2,-2,0.377831445726882,0.377831445726882,25,34,26,34,2,1,6,1,5,1,1.43,0.69,-0.69,50.0,17.35095111044149,-12.0467236188164,28.53006578380163,40.64684332765526,22.881229719330584
FF,2024-05-02,92.4,2.04,5.48,"Allen, Logan",514888,671106,,foul,,,,,6,Foul,R,R,L,HOU,CLE,S,,,3,2,2024,0.46,1.26,0.59,1.97,,572138,643289,1,3,Bot,,,,,,,-4.663832843924681,-134.35705793719703,-5.847424215889316,6.567205481033696,29.929635213219893,-15.841689766210385,2.94,1.35,283,87.8,32,92.2,1911,6.3,746403,666310,647304,665926,608070,677587,680757,672356,686823,54.2,,,,,,,,24,7,4-Seam Fastball,0,2,0,2,2,0,0,2,Standard,Standard,153,-0.013,0.0,64.6,7.0,,0.0,88.0,-2,-2,0.377831445726882,0.377831445726882,25,34,26,34,2,1,6,1,5,1,1.42,0.46,-0.46,44.1,1.403205577151216,27.77487452526792,28.29999981732816,45.58316474168284,2.9108422088908084
ST,2024-05-02,78.4,2.1,5.46,"Allen, Logan",514888,671106,,foul,,,,,13,Foul,R,R,L,HOU,CLE,S,,,3,2,2024,-1.42,-0.08,-0.07,0.72,,572138,643289,1,3,Bot,,,,,,,-2.055724544568577,-114.10087720182663,-3.1516319373668917,-11.852043841962358,24.076386232026824,-32.48334546231744,2.94,1.35,5,77.9,-11,78.0,2269,6.3,746403,666310,647304,665926,608070,677587,680757,672356,686823,54.18,,,,,,,,24,6,Sweeper,0,2,0,2,2,0,0,2,Standard,Standard,296,-0.013,0.0,59.9,8.4,,0.0,88.0,-2,-2,0.377831445726882,0.377831445726882,25,34,26,34,2,1,6,1,5,1,3.84,-1.42,1.42,43.8,25.086936068180567,-20.78578219137016,36.244665734687146,39.33861377881523,41.43622155976664
CH,2024-05-02,80.8,2.08,5.46,"Allen, Logan",514888,671106,,called_strike,,,,,6,Called Strike,R,R,L,HOU,CLE,S,,,3,1,2024,0.22,0.32,0.53,2.15,,572138,643289,1,3,Bot,,,,,,,-3.86578356604782,-117.6432567924814,-1.2799317918891795,2.8491091986849484,24.0663997807109,-29.23343835598288,2.88,1.21,,,,80.5,1010,6.2,746403,666310,647304,665926,608070,677587,680757,672356,686823,54.3,,,,,,,,24,5,Changeup,0,2,0,2,2,0,0,2,Standard,Standard,147,-0.013,-0.065,,,,0.065,,-2,-2,0.377831445726882,0.377831445726882,25,34,26,34,2,1,6,1,5,1,3.19,0.22,-0.22,42.2,,,,,
ST,2024-05-02,78.0,2.32,5.45,"Allen, Logan",514888,671106,,ball,,,,,12,Ball,R,R,L,HOU,CLE,B,,,2,1,2024,-1.29,-0.31,0.91,2.52,,572138,643289,1,3,Bot,,,,,,,-0.6459958134053337,-113.41819574510949,1.289532969191784,-10.840964744942823,24.839005846768583,-35.313929765595496,2.8,1.17,,,,77.1,2252,6.2,746403,666310,647304,665926,608070,677587,680757,672356,686823,54.33,,,,,,,,24,4,Sweeper,0,2,0,2,2,0,0,2,Standard,Standard,291,-0.013,0.104,,,,-0.104,,-2,-2,0.377831445726882,0.377831445726882,25,34,26,34,2,1,6,1,5,1,4.12,-1.29,1.29,39.5,,,,,
ST,2024-05-02,78.1,2.23,5.44,"Allen, Logan",514888,671106,,ball,,,,,14,Ball,R,R,L,HOU,CLE,B,,,1,1,2024,-1.56,-0.03,0.69,0.9,,572138,643289,1,3,Bot,,,,,,,-0.4512093384587738,-113.72885555141092,-2.7716134978758165,-13.28635734780795,23.60760694441275,-32.08542415491949,2.86,1.26,,,,77.7,2174,6.3,746403,666310,647304,665926,608070,677587,680757,672356,686823,54.22,,,,,,,,24,3,Sweeper,0,2,0,2,2,0,0,2,Standard,Standard,295,-0.013,0.042,,,,-0.042,,-2,-2,0.377831445726882,0.377831445726882,25,34,26,34,2,1,6,1,5,1,3.8,-1.56,1.56,41.3,,,,,
FF,2024-05-02,91.4,2.13,5.58,"Allen, Logan",514888,671106,,ball,,,,,11,Ball,R,R,L,HOU,CLE,B,,,0,1,2024,0.25,1.5,-1.08,4.84,,572138,643289,1,3,Bot,,,,,,,-8.581752337929554,-132.7942826652847,0.8293126436513585,4.906596972593837,30.73160852982928,-14.926852309993103,2.89,1.29,,,,90.8,2094,6.2,746403,666310,647304,665926,608070,677587,680757,672356,686823,54.33,,,,,,,,24,2,4-Seam Fastball,0,2,0,2,2,0,0,2,Standard,Standard,154,-0.013,0.015,,,,-0.015,,-2,-2,0.377831445726882,0.377831445726882,25,34,26,34,2,1,6,1,5,1,1.25,0.25,-0.25,43.3,,,,,
CH,2024-05-02,81.9,2.1,5.55,"Allen, Logan",514888,671106,,foul,,,,,8,Foul,R,R,L,HOU,CLE,S,,,0,0,2024,0.16,0.23,0.0,1.7,,572138,643289,1,3,Bot,,,,,,,-5.035936038649906,-119.1139960631201,-2.5398499155311947,2.560440067212023,24.158298109886125,-29.66617718090506,2.94,1.35,,,,81.6,834,6.2,746403,666310,647304,665926,608070,677587,680757,672356,686823,54.25,,,,,,,,24,1,Changeup,0,2,0,2,2,0,0,2,Standard,Standard,140,-0.013,-0.039,,,,0.039,,-2,-2,0.377831445726882,0.377831445726882,25,34,26,34,2,1,6,1,5,1,3.18,0.16,-0.16,42.9,,,,,
ST,2024-05-02,78.9,2.19,5.43,"Allen, Logan",676694,671106,strikeout,swinging_strike,,,,,8,Jake Meyers strikes out swinging.,R,R,L,HOU,CLE,S,2,,2,2,2024,-1.4,-0.11,0.05,1.54,,572138,643289,0,3,Bot,,,,,,,-2.06003695609155,-114.77809052677848,-1.3269849175603787,-11.7784292551437,24.21338792617265,-33.12804352515657,3.32,1.59,,,,78.6,2254,6.4,746403,666310,647304,665926,608070,677587,680757,672356,686823,54.06,,0.0,0.0,1,0,0,,23,6,Sweeper,0,2,0,2,2,0,0,2,Standard,Standard,296,-0.075,-0.223,71.9,7.9,,0.223,,-2,-2,0.4399939915502354,0.4399939915502354,25,28,26,28,1,0,6,2,5,1,3.82,-1.4,1.4,41.0,25.038041065410983,-25.60406842012355,28.86805489392425,40.74628200180787,49.03008833766639
CH,2024-05-02,83.1,2.02,5.48,"Allen, Logan",676694,671106,,blocked_ball,,,,,13,Ball In Dirt,R,R,L,HOU,CLE,B,,,1,2,2024,0.11,0.17,-0.27,-0.36,,572138,643289,0,3,Bot,,,,,,,-5.463117415058805,-120.77544050264238,-7.203645156293539,2.2049061682351865,25.48438883642733,-29.185454236379528,3.34,1.56,,,,82.9,764,6.4,746403,666310,647304,665926,608070,677587,680757,672356,686823,54.1,,,,,,,,23,5,Changeup,0,2,0,2,2,0,0,2,Standard,Standard,142,-0.013,0.026,,,,-0.026,,-2,-2,0.4399939915502354,0.4399939915502354,25,28,26,28,1,0,6,2,5,1,3.16,0.11,-0.11,42.4,,,,,
FF,2024-05-02,92.1,2.09,5.53,"Allen, Logan",676694,671106,,foul,,,,,1,Foul,R,R,L,HOU,CLE,S,,,1,2,2024,0.79,1.45,-0.3,2.96,,572138,643289,0,3,Bot,,,,,,,-7.776508569342564,-133.83234114133398,-3.798417158725147,11.247750764507224,30.49058361976792,-14.139309993433162,3.32,1.59,201,69.0,42,91.8,2302,6.3,746403,666310,647304,665926,608070,677587,680757,672356,686823,54.17,,,,,,,,23,4,4-Seam Fastball,0,2,0,2,2,0,0,2,Standard,Standard,156,-0.013,0.0,62.6,5.5,,0.0,88.0,-2,-2,0.4399939915502354,0.4399939915502354,25,28,26,28,1,0,6,2,5,1,1.26,0.79,-0.79,49.5,-7.98662867472199,18.420353116887267,34.38489580961978,34.23709503914402,16.123736141502366
CH,2024-05-02,83.4,2.04,5.47,"Allen, Logan",676694,671106,,foul,,,,,7,Foul,R,R,L,HOU,CLE,S,,,1,1,2024,0.68,0.92,-0.32,1.61,,572138,643289,0,3,Bot,,,,,,,-6.779958791095202,-121.17936507875552,-4.161173083516975,8.098692873172446,25.408599327390903,-22.52936965480864,3.32,1.59,4,57.5,-26,83.2,1013,6.4,746403,666310,647304,665926,608070,677587,680757,672356,686823,54.12,,,,,,,,23,3,Changeup,0,2,0,2,2,0,0,2,Strategic,Standard,141,-0.013,-0.069,75.1,7.5,,0.069,88.0,-2,-2,0.4399939915502354,0.4399939915502354,25,28,26,28,1,0,6,2,5,1,2.39,0.68,-0.68,43.1,20.19759639210107,-31.4488296094768,42.36348668223282,34.507683427252445,43.886751359330205
CH,2024-05-02,82.7,2.01,5.58,"Allen, Logan",676694,671106,,ball,,,,,13,Ball,R,R,L,HOU,CLE,B,,,0,1,2024,-0.06,0.2,-1.59,-0.25,,572138,643289,0,3,Bot,,,,,,,-8.09004328705633,-120.00051824415664,-7.134184195753268,1.043019006659884,24.22965093479137,-29.00266630561558,3.38,1.57,,,,82.5,960,6.4,746403,666310,647304,665926,608070,677587,680757,672356,686823,54.08,,,,,,,,23,2,Changeup,0,2,0,2,2,0,0,2,Strategic,Standard,154,-0.013,0.034,,,,-0.034,,-2,-2,0.4399939915502354,0.4399939915502354,25,28,26,28,1,0,6,2,5,1,3.17,-0.06,0.06,46.8,,,,,
FC,2024-05-02,85.4,2.39,5.48,"Allen, Logan",676694,671106,,called_strike,,,,,12,Called Strike,R,R,L,HOU,CLE,S,,,0,0,2024,-0.1,0.52,1.0,2.73,,572138,643289,0,3,Bot,,,,,,,-3.070003307197602,-124.40065451520742,-1.2364651912927498,-0.4048887331423517,24.856039204950005,-26.748743901081443,3.34,1.46,,,,85.6,2199,6.4,746403,666310,647304,665926,608070,677587,680757,672356,686823,54.15,,,,,,,,23,1,Cutter,0,2,0,2,2,0,0,2,Standard,Standard,189,-0.013,-0.044,,,,0.044,,-2,-2,0.4399939915502354,0.4399939915502354,25,28,26,28,1,0,6,2,5,1,2.6,-0.1,0.1,40.5,,,,,
FC,2024-05-02,85.4,2.17,5.5,"Allen, Logan",643289,671106,single,hit_into_play,,,,,6,Mauricio Dubón singles on a ground ball to right fielder Will Brennan. Jon Singleton to 2nd.,R,R,L,HOU,CLE,X,9,ground_ball,0,0,2024,-0.43,0.5,0.43,2.06,,,572138,0,3,Bot,201.19,112.54,,,,,-3.2315605109201018,-124.29663047876744,-2.777366615249267,-3.719452708448218,26.067164213718986,-26.65831641415281,3.23,1.53,175,98.8,8,85.2,2166,6.3,746403,666310,647304,665926,608070,677587,680757,672356,686823,54.24,0.611,0.551,0.9,1,1,0,4,22,1,Cutter,0,2,0,2,2,0,0,2,Standard,Standard,195,0.055,0.449,67.6,7.3,0.686,-0.449,98.8,-2,-2,0.372098443247722,0.372098443247722,25,29,26,30,1,0,6,1,5,1,2.64,-0.43,0.43,41.8,-8.412750568715197,24.228374772647907,31.03784538213701,44.66510669371953,13.234833184376122
ST,2024-05-02,77.1,2.26,5.43,"Allen, Logan",572138,671106,single,hit_into_play,,,,,7,Jon Singleton singles on a ground ball to third baseman José Ramírez.,R,L,L,HOU,CLE,X,5,ground_ball,1,2,2024,-1.6,-0.04,-0.45,1.8,,,,0,3,Bot,104.87,169.32,,,,,-2.8637805836372623,-112.1575396348113,-0.5948715948944184,-12.758657986517436,22.82695360992004,-32.589910494711184,3.18,1.47,40,56.7,3,76.7,2302,6.3,746403,666310,647304,665926,608070,677587,680757,672356,686823,54.19,0.109,0.09,0.9,1,1,0,1,21,4,Sweeper,0,2,0,2,2,0,0,2,Infield shade,Standard,292,0.033,0.516,60.8,7.0,0.113,-0.516,88.0,-2,-2,0.327657739956147,0.327657739956147,25,32,26,33,1,0,6,1,5,1,3.91,-1.6,-1.6,40.5,10.69956901098511,-14.741797699693306,28.533494239405705,44.38630080802623,38.39329619389845
FC,2024-05-02,83.6,2.03,5.51,"Allen, Logan",572138,671106,,ball,,,,,13,Ball,R,L,L,HOU,CLE,B,,,0,2,2024,-0.18,0.18,-1.21,1.45,,,,0,3,Bot,,,,,,,-7.0983932455333525,-121.51298183928326,-3.269940355588934,-0.4487764307013761,23.69553316547969,-29.91402567183269,3.27,1.45,,,,83.6,2320,6.4,746403,666310,647304,665926,608070,677587,680757,672356,686823,54.15,,,,,,,,21,3,Cutter,0,2,0,2,2,0,0,2,Infield shade,Standard,248,-0.011,0.023,,,,-0.023,,-2,-2,0.327657739956147,0.327657739956147,25,32,26,33,1,0,6,1,5,1,3.08,-0.18,-0.18,41.2,,,,,
FF,2024-05-02,89.8,2.19,5.69,"Allen, Logan",572138,671106,,foul,,,,,3,Foul,R,L,L,HOU,CLE,S,,,0,1,2024,0.55,1.32,0.43,2.9,,,,0,3,Bot,,,,,,,-5.520433996060642,-130.53385471876905,-3.6457990962695,7.58016861843828,30.55953185387438,-16.543826338245445,3.18,1.47,58,84.9,81,89.1,2201,6.1,746403,666310,647304,665926,608070,677587,680757,672356,686823,54.36,,,,,,,,21,2,4-Seam Fastball,0,2,0,2,2,0,0,2,Infield shade,Standard,151,-0.011,-0.054,74.1,6.8,,0.054,88.0,-2,-2,0.327657739956147,0.327657739956147,25,32,26,33,1,0,6,1,5,1,1.54,0.55,0.55,44.9,13.321029973004157,-10.830239779398743,25.062972539428824,33.9189518227097,31.92000985550804
FC,2024-05-02,82.9,2.22,5.62,"Allen, Logan",572138,671106,,called_strike,,,,,12,Called Strike,R,L,L,HOU,CLE,S,,,0,0,2024,-0.54,0.42,0.92,2.97,,,,0,3,Bot,,,,,,,-1.9300533615350712,-120.78495495038813,-0.3978941744409143,-4.898161399427536,24.402790645648597,-28.16731970246511,3.23,1.46,,,,82.6,2192,6.1,746403,666310,647304,665926,608070,677587,680757,672356,686823,54.37,,,,,,,,21,1,Cutter,0,2,0,2,2,0,0,2,Infield shade,Standard,213,-0.011,-0.037,,,,0.037,,-2,-2,0.327657739956147,0.327657739956147,25,32,26,33,1,0,6,1,5,1,2.89,-0.54,-0.54,44.7,,,,,
FF,2024-05-02,90.8,2.1,5.43,"Allen, Logan",673237,671106,field_out,hit_into_play,,,,,8,"Yainer Diaz grounds out, shortstop Brayan Rocchio to first baseman Josh Naylor.",R,R,L,HOU,CLE,X,6,ground_ball,2,0,2024,0.7,1.35,0.19,1.86,,,,2,2,Bot,100.81,151.07,,,,,-6.267904559356339,-131.99823816321296,-5.893790800740904,9.504851101664,29.07195066445878,-15.373914121914142,3.22,1.52,4,102.6,-22,90.8,1972,6.4,746403,666310,647304,665926,608070,677587,680757,672356,686823,54.07,0.174,0.162,0.0,1,0,0,2,13,3,4-Seam Fastball,0,0,0,0,0,0,0,0,Strategic,Standard,157,-0.011,-0.363,79.5,7.6,0.183,0.363,102.6,0,0,0.5110582726790304,0.5110582726790304,25,25,26,26,1,0,6,1,5,1,1.43,0.7,-0.7,43.6,7.491162813256225,4.955395573947544,33.91922943009224,38.36668390453717,28.81843572438181
FF,2024-05-02,91.0,2.16,5.58,"Allen, Logan",673237,671106,,ball,,,,,12,Ball,R,R,L,HOU,CLE,B,,,1,0,2024,0.65,1.33,1.08,3.72,,,,2,2,Bot,,,,,,,-4.08857115898778,-132.4507749159657,-1.5848940001722993,8.496151336108735,29.332586426337144,-16.43601443800132,3.25,1.51,,,,90.7,2070,6.2,746403,666310,647304,665926,608070,677587,680757,672356,686823,54.32,,,,,,,,13,2,4-Seam Fastball,0,0,0,0,0,0,0,0,Infield shade,Standard,155,0.0,0.068,,,,-0.068,,0,0,0.5110582726790304,0.5110582726790304,25,25,26,26,1,0,6,1,5,1,1.43,0.65,-0.65,44.8,,,,,
FF,2024-05-02,91.4,2.15,5.46,"Allen, Logan",673237,671106,,ball,,,,,14,Ball,R,R,L,HOU,CLE,B,,,0,0,2024,0.54,1.21,0.59,1.34,,,,2,2,Bot,,,,,,,-5.103116915306183,-132.88690924078864,-7.098054716652468,7.522434647773954,29.57655912925598,-16.445010984180282,3.38,1.55,,,,91.3,2058,6.4,746403,666310,647304,665926,608070,677587,680757,672356,686823,54.13,,,,,,,,13,1,4-Seam Fastball,0,0,0,0,0,0,0,0,Strategic,Standard,153,0.0,0.04,,,,-0.04,,0,0,0.5110582726790304,0.5110582726790304,25,25,26,26,1,0,6,1,5,1,1.53,0.54,-0.54,46.8,,,,,
FF,2024-05-02,90.3,2.16,5.5,"Allen, Logan",665161,671106,field_out,hit_into_play,,,,,6,"Jeremy Peña grounds out, second baseman Andrés Giménez to first baseman Josh Naylor.",R,R,L,HOU,CLE,X,4,ground_ball,2,1,2024,0.85,1.4,0.77,2.48,,,,1,2,Bot,134.78,146.0,,,,,-5.282261228376313,-131.3295589563186,-4.470900623625467,11.041833682666748,30.67449724253136,-15.32828700231758,3.64,1.78,125,105.3,5,89.8,2246,6.3,746403,666310,647304,665926,608070,677587,680757,672356,686823,54.24,0.58,0.534,0.0,1,0,0,4,12,4,4-Seam Fastball,0,0,0,0,0,0,0,0,Infield shade,Standard,156,-0.017,-0.302,73.6,7.8,0.648,0.302,105.3,0,0,0.5281110468127662,0.5281110468127662,25,26,26,27,1,0,6,1,5,1,1.43,0.85,-0.85,45.2,5.642371505275642,5.821187794007741,26.359268107813705,46.36105464117666,23.23332017972794
FF,2024-05-02,90.1,2.22,5.49,"Allen, Logan",665161,671106,,called_strike,,,,,2,Called Strike,R,R,L,HOU,CLE,S,,,2,0,2024,0.74,1.5,-0.2,3.01,,,,1,2,Bot,,,,,,,-7.571545380291611,-130.95469973039206,-3.3099424604309404,10.224901929792743,30.035442550521054,-14.477275822251432,3.45,1.69,,,,89.8,2200,6.3,746403,666310,647304,665926,608070,677587,680757,672356,686823,54.16,,,,,,,,12,3,4-Seam Fastball,0,0,0,0,0,0,0,0,Infield shade,Standard,156,-0.001,-0.065,,,,0.065,,0,0,0.5281110468127662,0.5281110468127662,25,26,26,27,1,0,6,1,5,1,1.33,0.74,-0.74,48.2,,,,,
FF,2024-05-02,90.4,2.16,5.57,"Allen, Logan",665161,671106,,ball,,,,,13,Ball,R,R,L,HOU,CLE,B,,,1,0,2024,0.42,1.37,-1.54,2.28,,,,1,2,Bot,,,,,,,-10.078543791021437,-131.17242814637115,-5.0919980570286665,7.123711222411787,30.061631405539316,-15.50067437547722,3.64,1.74,,,,90.0,2137,6.4,746403,666310,647304,665926,608070,677587,680757,672356,686823,54.14,,,,,,,,12,2,4-Seam Fastball,0,0,0,0,0,0,0,0,Infield shade,Standard,159,-0.001,0.072,,,,-0.072,,0,0,0.5281110468127662,0.5281110468127662,25,26,26,27,1,0,6,1,5,1,1.46,0.42,-0.42,47.9,,,,,
FF,2024-05-02,90.9,2.2,5.62,"Allen, Logan",665161,671106,,ball,,,,,12,Ball,R,R,L,HOU,CLE,B,,,0,0,2024,0.76,1.38,0.4,5.1,,,,1,2,Bot,,,,,,,-6.119661940847819,-132.20066648616842,1.7171349878139268,10.285346662290396,31.180156138476985,-16.785918011920753,3.68,1.82,,,,90.2,2256,6.2,746403,666310,647304,665926,608070,677587,680757,672356,686823,54.34,,,,,,,,12,1,4-Seam Fastball,0,0,0,0,0,0,0,0,Infield shade,Standard,158,-0.001,0.039,,,,-0.039,,0,0,0.5281110468127662,0.5281110468127662,25,26,26,27,1,0,6,1,5,1,1.41,0.76,-0.76,44.4,,,,,
FC,2024-05-02,84.2,2.26,5.55,"Allen, Logan",663656,671106,field_out,hit_into_play,,,,,7,"Kyle Tucker grounds out, pitcher Logan Allen to first baseman Josh Naylor.",R,L,L,HOU,CLE,X,1,ground_ball,1,1,2024,-0.38,0.49,-0.57,1.64,,,,0,2,Bot,126.82,182.26,,,,,-5.844380527210567,-122.54851842409084,-3.704644017066581,-2.7051798783120797,23.243313981926978,-26.67911367608308,3.46,1.64,1,62.4,-55,84.5,2249,6.4,746403,666310,647304,665926,608070,677587,680757,672356,686823,54.12,0.214,0.227,0.0,1,0,0,2,11,3,Cutter,0,0,0,0,0,0,0,0,Infield shade,Standard,209,-0.024,-0.243,71.4,8.1,0.214,0.243,88.0,0,0,0.5513068952625529,0.5513068952625529,25,27,26,27,1,0,6,1,5,1,2.71,-0.38,-0.38,44.2,11.747925318794112,-12.77825138374765,37.17920689762089,46.7773268476196,31.11208285042403
FC,2024-05-02,83.8,2.32,5.51,"Allen, Logan",663656,671106,,swinging_strike,,,,,12,Swinging Strike,R,L,L,HOU,CLE,S,,,1,0,2024,-0.3,0.47,0.98,3.08,,,,0,2,Bot,,,,,,,-2.5150795343147325,-122.08848001930605,-0.1660580316864329,-2.499208759923131,23.72824666117865,-27.64810582892333,3.46,1.64,,,,83.9,2236,6.2,746403,666310,647304,665926,608070,677587,680757,672356,686823,54.27,,,,,,,,11,2,Cutter,0,0,0,0,0,0,0,0,Infield shade,Standard,205,-0.001,-0.049,35.8,5.1,,0.049,,0,0,0.5513068952625529,0.5513068952625529,25,27,26,27,1,0,6,1,5,1,2.76,-0.3,-0.3,41.7,-9.561020655203777,24.222134494666875,31.99372256497788,28.36009781509763,8.402801736403024
FF,2024-05-02,90.1,2.14,5.57,"Allen, Logan",663656,671106,,ball,,,,,11,Ball,R,L,L,HOU,CLE,B,,,0,0,2024,0.74,1.41,-0.51,3.72,,,,0,2,Bot,,,,,,,-8.134525083078431,-130.9495084264031,-1.608325331915548,10.20097149795906,27.71858946513637,-15.815567180799484,3.53,1.66,,,,89.9,2123,6.2,746403,666310,647304,665926,608070,677587,680757,672356,686823,54.27,,,,,,,,11,1,4-Seam Fastball,0,0,0,0,0,0,0,0,Infield shade,Standard,153,-0.001,0.038,,,,-0.038,,0,0,0.5513068952625529,0.5513068952625529,25,27,26,27,1,0,6,1,5,1,1.41,0.74,0.74,43.3,,,,,
ST,2024-05-02,78.6,2.22,5.31,"Allen, Logan",670541,671106,strikeout,swinging_strike,,,,,13,Yordan Alvarez strikes out swinging.,R,L,L,HOU,CLE,S,2,,3,2,2024,-1.42,0.06,-1.54,1.14,,,,2,1,Bot,,,,,,,-5.5176844146800645,-114.3368334301474,-2.263206534077157,-11.31746797499978,22.768114937633573,-31.43346449053793,3.51,1.67,,,,78.5,2236,6.4,746403,666310,647304,665926,608070,677587,680757,672356,686823,54.11,,0.0,0.0,1,0,0,,6,6,Sweeper,0,0,0,0,0,0,0,0,Infield shade,Standard,293,-0.01,-0.325,61.9,8.6,,0.325,,0,0,0.5103018082716771,0.5103018082716771,25,27,26,27,1,0,6,1,5,1,3.66,-1.42,-1.42,37.2,22.28707524571389,-24.531387736523957,33.4424094662688,51.99695632349682,51.95183482591264
FF,2024-05-02,91.9,2.06,5.51,"Allen, Logan",670541,671106,,ball,,,,,13,Ball,R,L,L,HOU,CLE,B,,,2,2,2024,1.01,1.21,-0.53,1.49,,,,2,1,Bot,,,,,,,-8.708226556558913,-133.38746164425,-6.921208010342967,13.888363868100749,28.84826348036596,-16.321844723954865,3.55,1.74,,,,91.8,2204,6.4,746403,666310,647304,665926,608070,677587,680757,672356,686823,54.13,,,,,,,,6,5,4-Seam Fastball,0,0,0,0,0,0,0,0,Infield shade,Standard,150,0.0,0.106,,,,-0.106,,0,0,0.5103018082716771,0.5103018082716771,25,27,26,27,1,0,6,1,5,1,1.5,1.01,1.01,50.7,,,,,
FC,2024-05-02,86.5,2.18,5.47,"Allen, Logan",670541,671106,,ball,,,,,13,Ball,R,L,L,HOU,CLE,B,,,1,2,2024,-0.44,0.53,-0.93,0.91,,,,2,1,Bot,,,,,,,-6.518531763706316,-125.67916922626893,-5.685147319067699,-3.256202984501795,26.24548544060184,-25.595354456738956,3.53,1.75,,,,86.3,2134,6.3,746403,666310,647304,665926,608070,677587,680757,672356,686823,54.21,,,,,,,,6,4,Cutter,0,0,0,0,0,0,0,0,Infield shade,Standard,204,0.0,0.039,,,,-0.039,,0,0,0.5103018082716771,0.5103018082716771,25,27,26,27,1,0,6,1,5,1,2.54,-0.44,-0.44,43.0,,,,,
FC,2024-05-02,83.7,2.37,5.44,"Allen, Logan",670541,671106,,foul,,,,,2,Foul,R,L,L,HOU,CLE,S,,,1,1,2024,-0.67,0.38,0.03,2.96,,,,2,1,Bot,,,,,,,-4.092071356820082,-121.89079068670677,-0.054140626386398,-5.8631823302133785,24.058406595035457,-28.545163400282544,3.51,1.67,172,62.4,44,83.9,2247,6.4,746403,666310,647304,665926,608070,677587,680757,672356,686823,54.1,,,,,,,,6,3,Cutter,0,0,0,0,0,0,0,0,Infield shade,Standard,216,0.0,-0.064,74.5,6.8,,0.064,88.0,0,0,0.5103018082716771,0.5103018082716771,25,27,26,27,1,0,6,1,5,1,2.86,-0.67,-0.67,46.5,-2.897612193995552,-0.790414095256338,34.47050016952478,36.72221917361252,30.71724688041304
FF,2024-05-02,90.6,2.22,5.55,"Allen, Logan",670541,671106,,called_strike,,,,,2,Called Strike,R,L,L,HOU,CLE,S,,,1,0,2024,0.77,1.14,0.12,3.34,,,,2,1,Bot,,,,,,,-6.865722091145849,-131.76899339791345,-1.9905432539950456,10.453107648242288,28.95384561723579,-18.676567603395927,3.55,1.74,,,,90.2,2088,6.2,746403,666310,647304,665926,608070,677587,680757,672356,686823,54.32,,,,,,,,6,2,4-Seam Fastball,0,0,0,0,0,0,0,0,Infield shade,Standard,152,0.0,-0.051,,,,0.051,,0,0,0.5103018082716771,0.5103018082716771,25,27,26,27,1,0,6,1,5,1,1.65,0.77,0.77,44.6,,,,,
FF,2024-05-02,91.5,2.15,5.59,"Allen, Logan",670541,671106,,ball,,,,,1,Ball,R,L,L,HOU,CLE,B,,,0,0,2024,0.48,1.49,-0.35,3.72,,,,2,1,Bot,,,,,,,-7.317653446821112,-133.06044822584684,-1.9909976405190664,7.419192369553772,30.88953580619968,-14.395679277761143,3.63,1.78,,,,90.9,2229,6.1,746403,666310,647304,665926,608070,677587,680757,672356,686823,54.36,,,,,,,,6,1,4-Seam Fastball,0,0,0,0,0,0,0,0,Infield shade,Standard,156,0.0,0.04,,,,-0.04,,0,0,0.5103018082716771,0.5103018082716771,25,27,26,27,1,0,6,1,5,1,1.26,0.48,0.48,44.2,,,,,
CH,2024-05-02,82.5,2.15,5.48,"Allen, Logan",608324,671106,field_out,hit_into_play,,,,,14,Alex Bregman lines out to second baseman Andrés Giménez.,R,R,L,HOU,CLE,X,4,line_drive,1,1,2024,0.49,0.54,1.08,2.07,,,,1,1,Bot,122.07,127.09,,,,,-3.3736957613806213,-120.06260310372492,-2.244138907986841,5.438264467649457,25.167719745382147,-26.775858264742247,3.19,1.53,184,95.0,10,82.2,959,6.3,746403,666310,647304,665926,608070,677587,680757,672356,686823,54.23,0.674,0.607,0.0,1,0,0,4,5,3,Changeup,0,0,0,0,0,0,0,0,Infield shade,Standard,140,-0.016,-0.243,69.3,7.2,0.714,0.243,95.0,0,0,0.5262814372791581,0.5262814372791581,25,30,26,30,1,0,6,1,5,1,2.83,0.49,-0.49,44.6,13.921138757260143,12.796175024898616,27.174512550396454,43.71008628561522,25.23553426493521
FF,2024-05-02,90.1,2.25,5.56,"Allen, Logan",608324,671106,,called_strike,,,,,3,Called Strike,R,R,L,HOU,CLE,S,,,1,0,2024,0.8,1.25,0.69,2.8,,,,1,1,Bot,,,,,,,-5.593406386599496,-131.040402177302,-3.5227026840707696,10.467959955587643,29.138175871418305,-17.21704600842533,3.32,1.5,,,,89.9,2103,6.3,746403,666310,647304,665926,608070,677587,680757,672356,686823,54.21,,,,,,,,5,2,4-Seam Fastball,0,0,0,0,0,0,0,0,Infield shade,Standard,154,0.0,-0.051,,,,0.051,,0,0,0.5262814372791581,0.5262814372791581,25,30,26,30,1,0,6,1,5,1,1.57,0.8,-0.8,42.7,,,,,
FF,2024-05-02,90.5,2.24,5.61,"Allen, Logan",608324,671106,,ball,,,,,12,Ball,R,R,L,HOU,CLE,B,,,0,0,2024,0.83,1.26,1.36,3.48,,,,1,1,Bot,,,,,,,-3.980906460074614,-131.6677232548876,-2.021053405578505,10.550563278402375,29.954125041759795,-17.310075679004704,3.35,1.64,,,,90.1,2037,6.2,746403,666310,647304,665926,608070,677587,680757,672356,686823,54.27,,,,,,,,5,1,4-Seam Fastball,0,0,0,0,0,0,0,0,Infield shade,Standard,153,0.0,0.039,,,,-0.039,,0,0,0.5262814372791581,0.5262814372791581,25,30,26,30,1,0,6,1,5,1,1.54,0.83,-0.83,47.6,,,,,
FF,2024-05-02,90.9,2.19,5.63,"Allen, Logan",514888,671106,field_out,hit_into_play,,,,,12,Jose Altuve lines out to second baseman Andrés Giménez.,R,R,L,HOU,CLE,X,4,line_drive,0,0,2024,0.95,1.17,1.16,2.16,,,,0,1,Bot,136.81,149.55,,,,,-4.620162905791434,-132.26710131059014,-5.246022469265951,12.138896686869828,30.073396424051317,-17.5631496500821,2.94,1.35,151,79.6,14,90.7,2069,6.3,746403,666310,647304,665926,608070,677587,680757,672356,686823,54.21,0.751,0.69,0.0,1,0,0,4,4,1,4-Seam Fastball,0,0,0,0,0,0,0,0,Infield shade,Standard,151,-0.022,-0.254,66.3,8.0,0.828,0.254,88.0,0,0,0.5481093573629149,0.5481093573629149,25,34,26,34,1,0,6,1,5,1,1.61,0.95,-0.95,48.6,14.540896164260928,-0.5027428908483477,28.87494672579382,51.465234102374566,20.50662375271436
FC,2024-05-01,87.7,1.5,6.1,"Allen, Logan",500743,663531,field_out,hit_into_play,,,,,11,Miguel Rojas pops out softly to first baseman Pavin Smith in foul territory.,R,R,L,AZ,LAD,X,3,popup,1,1,2024,-0.3,0.7,-0.69,3.56,,,,2,9,Top,143.64,187.54,,,,,-4.687763610816447,-127.80908633814464,-1.5370705133667852,-2.392569417736139,23.981383676745835,-24.346029157772705,3.29,1.64,58,57.9,78,87.9,2200,6.1,747207,571466,656976,621028,553993,677942,666971,682998,664983,54.38,0.003,0.003,0.0,1,0,0,1,75,3,Cutter,0,8,8,0,8,0,8,0,Standard,Standard,162,0.0,-0.244,65.7,5.9,0.003,0.244,88.0,-8,8,0.0005618297353466,0.9994381702646532,27,35,27,35,1,4,2,1,8,2,2.23,-0.3,0.3,44.2,3.8857995347500927,1.7282434547769958,25.050363338312277,28.057399086441983,31.36672321669434
FS,2024-05-01,80.1,1.45,5.94,"Allen, Logan",500743,663531,,ball,,,,,13,Ball,R,R,L,AZ,LAD,B,,,0,1,2024,1.04,0.46,-0.53,0.35,,,,2,9,Top,,,,,,,-6.298796812589948,-116.37854148056458,-6.461659531678943,10.60090243687936,22.18495120524704,-26.96738966560528,3.37,1.6,,,,79.8,1115,6.2,747207,571466,656976,621028,553993,677942,666971,682998,664983,54.28,,,,,,,,75,2,Split-Finger,0,8,8,0,8,0,8,0,Standard,Standard,122,0.0,0.029,,,,-0.029,,-8,8,0.0005618297353466,0.9994381702646532,27,35,27,35,1,4,2,1,8,2,3.11,1.04,-1.04,42.4,,,,,
SI,2024-05-01,90.8,1.69,6.0,"Allen, Logan",500743,663531,,called_strike,,,,,5,Called Strike,R,R,L,AZ,LAD,S,,,0,0,2024,1.23,0.88,-0.2,2.32,,,,2,9,Top,,,,,,,-7.325412586393181,-131.94169101962834,-5.087714997301039,15.948051710669242,31.29949204449807,-20.97301806766784,3.48,1.65,,,,90.2,1850,6.2,747207,571466,656976,621028,553993,677942,666971,682998,664983,54.25,,,,,,,,75,1,Sinker,0,8,8,0,8,0,8,0,Standard,Standard,127,0.0,-0.041,,,,0.041,,-8,8,0.0005618297353466,0.9994381702646532,27,35,27,35,1,4,2,1,8,2,1.92,1.23,-1.23,36.1,,,,,
FS,2024-05-01,80.3,1.8,5.88,"Allen, Logan",681624,663531,strikeout,swinging_strike,,,,,9,Andy Pages strikes out swinging.,R,R,L,AZ,LAD,S,2,,1,2,2024,0.97,0.77,0.6,1.69,,,,1,9,Top,,,,,,,-4.489653040487138,-116.7751056798656,-4.014843741771786,9.708693070474206,22.512732287508825,-24.611095981587354,3.57,1.66,,,,80.1,1189,6.3,747207,571466,656976,621028,553993,677942,666971,682998,664983,54.23,,0.0,0.0,1,0,0,,74,7,Split-Finger,0,8,8,0,8,0,8,0,Standard,Standard,119,0.0,-0.182,67.3,8.7,,0.182,,-8,8,0.0005223293628105,0.9994776706371894,27,23,27,24,1,4,2,1,8,2,2.78,0.97,-0.97,41.0,31.369939263661777,-19.53687545593317,44.23912203498127,45.74813560421438,44.93620429379752
ST,2024-05-01,81.7,1.79,6.01,"Allen, Logan",681624,663531,,foul,,,,,4,Foul,R,R,L,AZ,LAD,S,,,1,2,2024,-0.62,0.38,-0.38,2.82,,,,1,9,Top,,,,,,,-3.668214589212903,-119.04626227052816,-1.3812497043501502,-5.24852712364506,22.53330357001627,-28.464480887077546,3.57,1.66,169,80.5,72,81.5,2391,6.1,747207,571466,656976,621028,553993,677942,666971,682998,664983,54.45,,,,,,,,74,6,Sweeper,0,8,8,0,8,0,8,0,Standard,Standard,297,0.0,0.0,70.5,8.0,,0.0,88.0,-8,8,0.0005223293628105,0.9994776706371894,27,23,27,24,1,4,2,1,8,2,3.02,-0.62,0.62,37.9,21.342307182952474,-22.314438546557867,42.798722178481015,33.809287809145495,42.32307121396235
ST,2024-05-01,83.0,1.72,5.92,"Allen, Logan",681624,663531,,foul,,,,,13,Foul,R,R,L,AZ,LAD,S,,,1,2,2024,-0.64,0.21,-1.05,1.32,,,,1,9,Top,,,,,,,-5.064880233408429,-120.666171171218,-4.388333742273896,-5.13163502591468,25.80427263424656,-29.392224738296864,3.57,1.66,4,81.2,-20,82.4,2291,6.2,747207,571466,656976,621028,553993,677942,666971,682998,664983,54.34,,,,,,,,74,5,Sweeper,0,8,8,0,8,0,8,0,Standard,Standard,295,0.0,0.0,68.3,8.6,,0.0,88.0,-8,8,0.0005223293628105,0.9994776706371894,27,23,27,24,1,4,2,1,8,2,3.13,-0.64,0.64,43.2,23.864095451388675,-14.281775179558029,55.58849428932661,26.92363647819773,41.42139474543584
FF,2024-05-01,91.8,1.09,6.28,"Allen, Logan",681624,663531,,foul,,,,,8,Foul,R,R,L,AZ,LAD,S,,,1,2,2024,0.67,1.39,-0.1,2.13,,,,1,9,Top,,,,,,,-4.433450986243438,-133.47995455921892,-7.656004770000701,8.914200758160591,28.09179411635598,-14.0917835134899,3.57,1.66,131,73.2,12,91.6,1986,6.2,747207,571466,656976,621028,553993,677942,666971,682998,664983,54.34,,,,,,,,74,4,4-Seam Fastball,0,8,8,0,8,0,8,0,Standard,Standard,142,0.0,0.0,73.7,7.4,,0.0,88.0,-8,8,0.0005223293628105,0.9994776706371894,27,23,27,24,1,4,2,1,8,2,1.31,0.67,-0.67,48.6,-3.694427591154551,15.50640761137668,51.36404934846341,36.20842873447292,18.108313516257432
FS,2024-05-01,81.5,1.83,5.91,"Allen, Logan",681624,663531,,ball,,,,,13,Ball,R,R,L,AZ,LAD,B,,,0,2,2024,1.13,0.32,-0.19,-0.74,,,,1,9,Top,,,,,,,-6.652379638254272,-118.26104271114012,-8.843557319047209,11.855218260422834,23.79858328607894,-27.54459215780517,3.56,1.66,,,,80.8,1194,6.1,747207,571466,656976,621028,553993,677942,666971,682998,664983,54.38,,,,,,,,74,3,Split-Finger,0,8,8,0,8,0,8,0,Standard,Standard,122,0.0,0.02,,,,-0.02,,-8,8,0.0005223293628105,0.9994776706371894,27,23,27,24,1,4,2,1,8,2,3.14,1.13,-1.13,39.5,,,,,
FC,2024-05-01,88.9,1.64,6.05,"Allen, Logan",681624,663531,,called_strike,,,,,6,Called Strike,R,R,L,AZ,LAD,S,,,0,1,2024,-0.2,0.85,0.45,2.39,,,,1,9,Top,,,,,,,-2.4791146070551067,-129.4273514149356,-4.690567027381608,-1.6648779428762406,27.82563563845665,-21.857367583249253,3.65,1.63,,,,88.5,2146,6.1,747207,571466,656976,621028,553993,677942,666971,682998,664983,54.43,,,,,,,,74,2,Cutter,0,8,8,0,8,0,8,0,Standard,Standard,158,0.0,-0.057,,,,0.057,,-8,8,0.0005223293628105,0.9994776706371894,27,23,27,24,1,4,2,1,8,2,2.04,-0.2,0.2,44.3,,,,,
FC,2024-05-01,87.5,1.66,6.15,"Allen, Logan",681624,663531,,called_strike,,,,,3,Called Strike,R,R,L,AZ,LAD,S,,,0,0,2024,-0.31,0.8,0.39,3.36,,,,1,9,Top,,,,,,,-2.406226435823408,-127.4491524087483,-2.2451850891639475,-2.935958523706168,26.255315379732664,-23.231502665040715,3.68,1.66,,,,87.1,2083,6.0,747207,571466,656976,621028,553993,677942,666971,682998,664983,54.51,,,,,,,,74,1,Cutter,0,8,8,0,8,0,8,0,Standard,Standard,166,0.0,-0.037,,,,0.037,,-8,8,0.0005223293628105,0.9994776706371894,27,23,27,24,1,4,2,1,8,2,2.17,-0.31,0.31,41.8,,,,,
SI,2024-05-01,89.4,1.66,5.96,"Allen, Logan",571771,663531,field_out,hit_into_play,,,,,5,"Enrique Hernández grounds out, shortstop Blaze Alexander to first baseman Pavin Smith.",R,R,L,AZ,LAD,X,6,ground_ball,2,0,2024,1.16,0.64,0.24,2.66,,,,0,9,Top,105.36,145.03,,,,,-5.926128441177376,-130.03794425458912,-3.4547239791554545,14.424198387512478,27.152580876141915,-24.4326530562614,3.34,1.63,26,104.7,-4,89.1,1961,6.1,747207,571466,656976,621028,553993,677942,666971,682998,664983,54.36,0.391,0.35,0.0,1,0,0,2,73,3,Sinker,0,8,8,0,8,0,8,0,Standard,Standard,132,0.001,-0.361,75.7,7.6,0.415,0.361,104.7,-8,8,0.000471798384493,0.999528201615507,27,32,27,33,1,4,2,1,8,2,2.22,1.16,-1.16,38.1,9.522271804693304,-5.398118439223367,21.853518981674032,42.65533910349198,34.84931776084482
SI,2024-05-01,90.0,1.62,5.92,"Allen, Logan",571771,663531,,ball,,,,,13,Ball,R,R,L,AZ,LAD,B,,,1,0,2024,1.2,0.65,-1.09,2.12,,,,0,9,Top,,,,,,,-9.227159459929284,-130.68616808406026,-4.824750437036502,15.677400800766108,26.80721052151536,-23.912898380717948,3.21,1.49,,,,89.8,1939,6.2,747207,571466,656976,621028,553993,677942,666971,682998,664983,54.28,,,,,,,,73,2,Sinker,0,8,8,0,8,0,8,0,Standard,Standard,134,0.001,0.069,,,,-0.069,,-8,8,0.000471798384493,0.999528201615507,27,32,27,33,1,4,2,1,8,2,2.17,1.2,-1.2,37.4,,,,,
FC,2024-05-01,86.9,1.68,6.05,"Allen, Logan",571771,663531,,ball,,,,,13,Ball,R,R,L,AZ,LAD,B,,,0,0,2024,-0.24,0.6,-1.05,2.27,,,,0,9,Top,,,,,,,-6.047814949493913,-126.48718026355162,-4.156462873270119,-1.431671529293104,24.21410760519932,-25.12248005904118,3.22,1.5,,,,87.2,2241,6.3,747207,571466,656976,621028,553993,677942,666971,682998,664983,54.2,,,,,,,,73,1,Cutter,0,8,8,0,8,0,8,0,Standard,Standard,169,0.001,0.038,,,,-0.038,,-8,8,0.000471798384493,0.999528201615507,27,32,27,33,1,4,2,1,8,2,2.4,-0.24,0.24,47.7,,,,,
