keyword,category
cu,편의점/마트
씨유,편의점/마트
gs25,편의점/마트
지에스25,편의점/마트
gs25,편의점/마트
세븐일레븐,편의점/마트
7-eleven,편의점/마트
7eleven,편의점/마트
이마트24,편의점/마트
emart24,편의점/마트
미니스톱,편의점/마트
ministop,편의점/마트
스토리웨이,편의점/마트
storyway,편의점/마트
씨스페이스,편의점/마트
cspace,편의점/마트
씨스페이스24,편의점/마트
스타벅스,카페
starbucks,카페
이디야,카페
hollys,카페
할리스,카페
투썸,카페
투썸플레이스,카페
a twosome place,카페
메가커피,카페
megacoffee,카페
빽다방,카페
paik,카페
컴포즈,카페
compose coffee,카페
공차,카페
gongcha,카페
파스쿠찌,카페
pascucci,카페
카페베네,카페
caffebene,카페
더벤티,카페
the venti	,페
블루보틀,카페
blue bottle,카페
폴바셋,카페
paul bassett,카페
파리바게뜨,카페
paris baguette,카페
뚜레쥬르,카페
tous les jours,카페
크리스피 크림,카페
krispy kreme,카페
던킨,카페
dunkin,카페
배스킨라빈스,카페
baskin robbins,카페
탐앤탐스,카페
tom n toms,카페
카페,카페
cafe,카페
캔모아,카페
김밥천국,식당
죠스떡볶이,식비
신전떡볶이,식비
엽기떡볶이,식비
명랑핫도그,식비
홍콩반점,식비
홍콩반점0410,식비
홍대개미,식비
교촌치킨,식비
bhc,식비
bbq,식비
굽네,식비
처갓집,식비
네네치킨,식비
호식이두마리,식비
60계치킨,식비
푸라닭,식비
노랑통닭,식비
맥도날드,식비
mcdonald,식비
버거킹,식비
lotteria,식비
롯데리아,식비
맘스터치,식비
kfc,식비
서브웨이,식비
subway,식비
도미노피자,식비
domino,식비
피자헛,식비
pizza hut,식비
미스터피자,식비
mr.pizza,식비
피자스쿨,식비
반올림피자,식비
파파존스,식비
본죽,식비
본죽&비빔밥,식비
고봉민,식비
한솥,식비
한솥도시락,식비
교동짬뽕,식비
홍대돈부리,식비
쌀국수,식비
마라탕,식비
샤브샤브,식비
부대찌개,식비
순대국,식비
설렁탕,식비
돈까스,식비
우동,식비
라멘,식비
라면,식비
칼국수,식비
국밥,식비
족발,식비
보쌈,식비
곱창,식비
막창,식비
삼겹살,식비
고기집,식비
포차,식비
포장마차,식비
국수,식비
냉면,식비
비빔밥,식비
덮밥,식비
백반,식비
홈플러스,편의점/마트
homeplus,편의점/마트
홈플러스익스프레스,편의점/마트
homeplus express,편의점/마트
농협하나로,편의점/마트
하나로마트,편의점/마트
노브랜드,편의점/마트
no brand,편의점/마트
이마트,편의점/마트
emart,편의점/마트
이마트에브리데이,편의점/마트
emart everyday,편의점/마트
롯데마트,편의점/마트
lotte mart,편의점/마트
gs더프레시,편의점/마트
gs the fresh,편의점/마트
마트,편의점/마트
슈퍼마켓,편의점/마트
슈퍼,편의점/마트
배달의민족,배달
요기요,배달
쿠팡이츠,배달
coupangeats,배달
배민,배달
baemin,배달
yogiyo,배달
ubereats,배달
우버이츠,배달
바로고,배달
메쉬코리아,배달
약국,의료/약국
pharmacy,의료/약국
의원,의료/약국
병원,의료/약국
치과,의료/약국
한의원,의료/약국
이비인후과,의료/약국
내과,의료/약국
정형외과,의료/약국
피부과,의료/약국
안과,의료/약국
비뇨의학과,의료/약국
산부인과,의료/약국
검진센터,의료/약국
보건소,의료/약국
동물병원,의료/약국
약방,의료/약국
다이소,쇼핑
올리브영,쇼핑
olive young,쇼핑
아리따움,쇼핑
롭스,쇼핑
무인양품,쇼핑
muji,쇼핑
abc마트,쇼핑
abc-mart,쇼핑
유니클로,쇼핑
uniqlo,쇼핑
자라,쇼핑
zara,쇼핑
h&m,쇼핑
에이랜드,쇼핑
에잇세컨즈,쇼핑
교보문고,쇼핑
영풍문고,쇼핑
알라딘,쇼핑
yes24,쇼핑
문구점,쇼핑
하이마트,쇼핑
전자랜드,쇼핑
쿠팡,쇼핑
coupang,쇼핑
ssg,쇼핑
11번가,쇼핑
지마켓,쇼핑
gmarket,쇼핑
cgv,문화/여가
메가박스,문화/여가
megabox,문화/여가
롯데시네마,문화/여가
노래연습장,문화/여가
코인노래방,문화/여가
pc방,문화/여가
피시방,문화/여가
당구장,문화/여가
볼링장,문화/여가
탁구장,문화/여가
헬스장,문화/여가
휘트니스,문화/여가
피트니스,문화/여가
요가,문화/여가
필라테스,문화/여가
만화카페,문화/여가
보드게임,문화/여가
룸카페,문화/여가
vr,문화/여가
아케이드,문화/여가
오락실,문화/여가
스크린골프,문화/여가
몬스터플레이스,식비
monster place,식비
