﻿location, title, author
B9-4,셰익스피어 비극론,A.C. 브라드리
B9-4,러시아 혁명사,조영명
B9-4,라틴어 문법,프레드릭 M.휠록
B9-4,독일 문학의 전통,홍경호
B9-4,독일 교양 소설 연구,오한진
B9-4,괴테와 독일 고전주의,박찬기
B9-4,Literature: An Introduction to Fiction: Poetry Drama and Writing,X. J. Kennedy et al.
B9-4,The Story of Civilization,Will Durant et al.
B9-4,Language and Mind,Noam Chomsky
B9-4,The Social Contract,Jean-Jacques Rousseau
